student_id,week,attendance_rate
S1,W01,0.829
S1,W02,0.872
S1,W03,0.845
S1,W04,0.854
S1,W05,0.832
S1,W06,0.842
S1,W07,0.860
S1,W08,0.828
S1,W09,0.874
S1,W10,0.861
S1,W11,0.885
S1,W12,0.828
S1,W13,0.837
S1,W14,0.873
S1,W15,0.889
S1,W16,0.826
S1,W17,0.847
S1,W18,0.863
S1,W19,0.870
S1,W20,0.868
S1,W21,0.861
S1,W22,0.855
S1,W23,0.855
S1,W24,0.812
S1,W25,0.839
S1,W26,0.835
S2,W01,0.889
S2,W02,0.855
S2,W03,0.827
S2,W04,0.870
S2,W05,0.850
S2,W06,0.848
S2,W07,0.820
S2,W08,0.850
S2,W09,0.862
S2,W10,0.817
S2,W11,0.853
S2,W12,0.883
S2,W13,0.855
S2,W14,0.872
S2,W15,0.885
S2,W16,0.837
S2,W17,0.895
S2,W18,0.832
S2,W19,0.813
S2,W20,0.840
S2,W21,0.867
S2,W22,0.859
S2,W23,0.873
S2,W24,0.838
S2,W25,0.847
S2,W26,0.861
S3,W01,0.891
S3,W02,0.842
S3,W03,0.822
S3,W04,0.902
S3,W05,0.870
S3,W06,0.845
S3,W07,0.882
S3,W08,0.850
S3,W09,0.903
S3,W10,0.820
S3,W11,0.819
S3,W12,0.838
S3,W13,0.870
S3,W14,0.822
S3,W15,0.820
S3,W16,0.878
S3,W17,0.852
S3,W18,0.908
S3,W19,0.825
S3,W20,0.909
S3,W21,0.871
S3,W22,0.901
S3,W23,0.900
S3,W24,0.829
S3,W25,0.847
S3,W26,0.861
S4,W01,0.892
S4,W02,0.841
S4,W03,0.856
S4,W04,0.867
S4,W05,0.830
S4,W06,0.894
S4,W07,0.903
S4,W08,0.821
S4,W09,0.858
S4,W10,0.824
S4,W11,0.884
S4,W12,0.893
S4,W13,0.879
S4,W14,0.906
S4,W15,0.894
S4,W16,0.848
S4,W17,0.831
S4,W18,0.816
S4,W19,0.836
S4,W20,0.900
S4,W21,0.875
S4,W22,0.868
S4,W23,0.868
S4,W24,0.863
S4,W25,0.857
S4,W26,0.829
S5,W01,0.843
S5,W02,0.888
S5,W03,0.873
S5,W04,0.897
S5,W05,0.837
S5,W06,0.846
S5,W07,0.891
S5,W08,0.862
S5,W09,0.887
S5,W10,0.897
S5,W11,0.820
S5,W12,0.906
S5,W13,0.859
S5,W14,0.814
S5,W15,0.871
S5,W16,0.868
S5,W17,0.885
S5,W18,0.892
S5,W19,0.846
S5,W20,0.826
S5,W21,0.860
S5,W22,0.909
S5,W23,0.871
S5,W24,0.891
S5,W25,0.902
S5,W26,0.894
S6,W01,0.828
S6,W02,0.870
S6,W03,0.841
S6,W04,0.871
S6,W05,0.830
S6,W06,0.853
S6,W07,0.902
S6,W08,0.885
S6,W09,0.871
S6,W10,0.891
S6,W11,0.861
S6,W12,0.874
S6,W13,0.885
S6,W14,0.862
S6,W15,0.891
S6,W16,0.859
S6,W17,0.864
S6,W18,0.854
S6,W19,0.826
S6,W20,0.852
S6,W21,0.856
S6,W22,0.829
S6,W23,0.890
S6,W24,0.866
S6,W25,0.847
S6,W26,0.893
S7,W01,0.893
S7,W02,0.867
S7,W03,0.868
S7,W04,0.860
S7,W05,0.840
S7,W06,0.839
S7,W07,0.834
S7,W08,0.843
S7,W09,0.855
S7,W10,0.894
S7,W11,0.844
S7,W12,0.853
S7,W13,0.895
S7,W14,0.829
S7,W15,0.889
S7,W16,0.864
S7,W17,0.857
S7,W18,0.821
S7,W19,0.843
S7,W20,0.820
S7,W21,0.902
S7,W22,0.832
S7,W23,0.835
S7,W24,0.810
S7,W25,0.909
S7,W26,0.848
S8,W01,0.873
S8,W02,0.865
S8,W03,0.843
S8,W04,0.814
S8,W05,0.832
S8,W06,0.899
S8,W07,0.832
S8,W08,0.816
S8,W09,0.906
S8,W10,0.903
S8,W11,0.882
S8,W12,0.888
S8,W13,0.895
S8,W14,0.844
S8,W15,0.875
S8,W16,0.854
S8,W17,0.883
S8,W18,0.891
S8,W19,0.883
S8,W20,0.869
S8,W21,0.812
S8,W22,0.903
S8,W23,0.812
S8,W24,0.900
S8,W25,0.821
S8,W26,0.868
S9,W01,0.910
S9,W02,0.828
S9,W03,0.852
S9,W04,0.882
S9,W05,0.845
S9,W06,0.884
S9,W07,0.875
S9,W08,0.812
S9,W09,0.890
S9,W10,0.892
S9,W11,0.880
S9,W12,0.872
S9,W13,0.853
S9,W14,0.842
S9,W15,0.889
S9,W16,0.813
S9,W17,0.824
S9,W18,0.866
S9,W19,0.872
S9,W20,0.906
S9,W21,0.884
S9,W22,0.834
S9,W23,0.811
S9,W24,0.847
S9,W25,0.894
S9,W26,0.822
S10,W01,0.844
S10,W02,0.891
S10,W03,0.906
S10,W04,0.817
S10,W05,0.900
S10,W06,0.909
S10,W07,0.873
S10,W08,0.881
S10,W09,0.888
S10,W10,0.875
S10,W11,0.845
S10,W12,0.854
S10,W13,0.861
S10,W14,0.810
S10,W15,0.883
S10,W16,0.844
S10,W17,0.899
S10,W18,0.830
S10,W19,0.839
S10,W20,0.852
S10,W21,0.836
S10,W22,0.899
S10,W23,0.816
S10,W24,0.884
S10,W25,0.889
S10,W26,0.837
S11,W01,0.843
S11,W02,0.862
S11,W03,0.858
S11,W04,0.849
S11,W05,0.824
S11,W06,0.871
S11,W07,0.907
S11,W08,0.856
S11,W09,0.879
S11,W10,0.872
S11,W11,0.887
S11,W12,0.904
S11,W13,0.847
S11,W14,0.842
S11,W15,0.862
S11,W16,0.907
S11,W17,0.907
S11,W18,0.849
S11,W19,0.846
S11,W20,0.898
S11,W21,0.905
S11,W22,0.846
S11,W23,0.851
S11,W24,0.866
S11,W25,0.812
S11,W26,0.866
S12,W01,0.900
S12,W02,0.903
S12,W03,0.848
S12,W04,0.840
S12,W05,0.888
S12,W06,0.896
S12,W07,0.880
S12,W08,0.874
S12,W09,0.868
S12,W10,0.816
S12,W11,0.812
S12,W12,0.883
S12,W13,0.895
S12,W14,0.888
S12,W15,0.880
S12,W16,0.876
S12,W17,0.811
S12,W18,0.869
S12,W19,0.855
S12,W20,0.882
S12,W21,0.863
S12,W22,0.886
S12,W23,0.900
S12,W24,0.835
S12,W25,0.897
S12,W26,0.888
S13,W01,0.868
S13,W02,0.852
S13,W03,0.812
S13,W04,0.885
S13,W05,0.863
S13,W06,0.848
S13,W07,0.901
S13,W08,0.870
S13,W09,0.874
S13,W10,0.909
S13,W11,0.833
S13,W12,0.816
S13,W13,0.820
S13,W14,0.820
S13,W15,0.836
S13,W16,0.863
S13,W17,0.825
S13,W18,0.837
S13,W19,0.872
S13,W20,0.870
S13,W21,0.905
S13,W22,0.860
S13,W23,0.881
S13,W24,0.871
S13,W25,0.870
S13,W26,0.861
S14,W01,0.888
S14,W02,0.908
S14,W03,0.836
S14,W04,0.895
S14,W05,0.895
S14,W06,0.862
S14,W07,0.840
S14,W08,0.882
S14,W09,0.842
S14,W10,0.900
S14,W11,0.848
S14,W12,0.856
S14,W13,0.858
S14,W14,0.864
S14,W15,0.856
S14,W16,0.825
S14,W17,0.884
S14,W18,0.906
S14,W19,0.878
S14,W20,0.820
S14,W21,0.876
S14,W22,0.871
S14,W23,0.878
S14,W24,0.835
S14,W25,0.870
S14,W26,0.822
S15,W01,0.860
S15,W02,0.875
S15,W03,0.884
S15,W04,0.880
S15,W05,0.860
S15,W06,0.863
S15,W07,0.852
S15,W08,0.858
S15,W09,0.827
S15,W10,0.814
S15,W11,0.813
S15,W12,0.890
S15,W13,0.836
S15,W14,0.850
S15,W15,0.824
S15,W16,0.892
S15,W17,0.908
S15,W18,0.897
S15,W19,0.812
S15,W20,0.885
S15,W21,0.910
S15,W22,0.817
S15,W23,0.821
S15,W24,0.847
S15,W25,0.886
S15,W26,0.826
S16,W01,0.834
S16,W02,0.859
S16,W03,0.811
S16,W04,0.842
S16,W05,0.897
S16,W06,0.826
S16,W07,0.850
S16,W08,0.848
S16,W09,0.832
S16,W10,0.860
S16,W11,0.901
S16,W12,0.868
S16,W13,0.854
S16,W14,0.865
S16,W15,0.890
S16,W16,0.846
S16,W17,0.852
S16,W18,0.883
S16,W19,0.895
S16,W20,0.847
S16,W21,0.820
S16,W22,0.904
S16,W23,0.831
S16,W24,0.902
S16,W25,0.908
S16,W26,0.853
S17,W01,0.893
S17,W02,0.854
S17,W03,0.852
S17,W04,0.817
S17,W05,0.871
S17,W06,0.814
S17,W07,0.889
S17,W08,0.854
S17,W09,0.908
S17,W10,0.835
S17,W11,0.861
S17,W12,0.823
S17,W13,0.858
S17,W14,0.862
S17,W15,0.846
S17,W16,0.909
S17,W17,0.902
S17,W18,0.823
S17,W19,0.907
S17,W20,0.893
S17,W21,0.828
S17,W22,0.841
S17,W23,0.845
S17,W24,0.856
S17,W25,0.845
S17,W26,0.835
S18,W01,0.811
S18,W02,0.841
S18,W03,0.824
S18,W04,0.892
S18,W05,0.880
S18,W06,0.877
S18,W07,0.880
S18,W08,0.824
S18,W09,0.863
S18,W10,0.902
S18,W11,0.848
S18,W12,0.838
S18,W13,0.848
S18,W14,0.862
S18,W15,0.828
S18,W16,0.813
S18,W17,0.893
S18,W18,0.857
S18,W19,0.834
S18,W20,0.906
S18,W21,0.836
S18,W22,0.823
S18,W23,0.889
S18,W24,0.847
S18,W25,0.833
S18,W26,0.878
S19,W01,0.863
S19,W02,0.881
S19,W03,0.897
S19,W04,0.882
S19,W05,0.879
S19,W06,0.872
S19,W07,0.822
S19,W08,0.872
S19,W09,0.832
S19,W10,0.823
S19,W11,0.840
S19,W12,0.907
S19,W13,0.886
S19,W14,0.882
S19,W15,0.889
S19,W16,0.827
S19,W17,0.825
S19,W18,0.815
S19,W19,0.841
S19,W20,0.894
S19,W21,0.832
S19,W22,0.841
S19,W23,0.848
S19,W24,0.871
S19,W25,0.862
S19,W26,0.850
S20,W01,0.867
S20,W02,0.861
S20,W03,0.846
S20,W04,0.845
S20,W05,0.909
S20,W06,0.834
S20,W07,0.828
S20,W08,0.860
S20,W09,0.846
S20,W10,0.841
S20,W11,0.889
S20,W12,0.824
S20,W13,0.818
S20,W14,0.840
S20,W15,0.859
S20,W16,0.836
S20,W17,0.894
S20,W18,0.842
S20,W19,0.870
S20,W20,0.859
S20,W21,0.892
S20,W22,0.839
S20,W23,0.815
S20,W24,0.835
S20,W25,0.886
S20,W26,0.869
S21,W01,0.838
S21,W02,0.836
S21,W03,0.867
S21,W04,0.908
S21,W05,0.902
S21,W06,0.816
S21,W07,0.873
S21,W08,0.839
S21,W09,0.900
S21,W10,0.898
S21,W11,0.910
S21,W12,0.838
S21,W13,0.810
S21,W14,0.892
S21,W15,0.885
S21,W16,0.848
S21,W17,0.900
S21,W18,0.835
S21,W19,0.817
S21,W20,0.818
S21,W21,0.896
S21,W22,0.853
S21,W23,0.883
S21,W24,0.878
S21,W25,0.839
S21,W26,0.884
S22,W01,0.863
S22,W02,0.840
S22,W03,0.817
S22,W04,0.877
S22,W05,0.815
S22,W06,0.901
S22,W07,0.910
S22,W08,0.908
S22,W09,0.867
S22,W10,0.851
S22,W11,0.844
S22,W12,0.882
S22,W13,0.846
S22,W14,0.827
S22,W15,0.859
S22,W16,0.843
S22,W17,0.854
S22,W18,0.864
S22,W19,0.843
S22,W20,0.852
S22,W21,0.833
S22,W22,0.849
S22,W23,0.820
S22,W24,0.846
S22,W25,0.869
S22,W26,0.884
S23,W01,0.829
S23,W02,0.830
S23,W03,0.861
S23,W04,0.891
S23,W05,0.901
S23,W06,0.845
S23,W07,0.830
S23,W08,0.837
S23,W09,0.834
S23,W10,0.863
S23,W11,0.897
S23,W12,0.893
S23,W13,0.885
S23,W14,0.816
S23,W15,0.831
S23,W16,0.847
S23,W17,0.885
S23,W18,0.894
S23,W19,0.815
S23,W20,0.905
S23,W21,0.835
S23,W22,0.877
S23,W23,0.810
S23,W24,0.869
S23,W25,0.907
S23,W26,0.871
S24,W01,0.871
S24,W02,0.837
S24,W03,0.908
S24,W04,0.840
S24,W05,0.866
S24,W06,0.818
S24,W07,0.849
S24,W08,0.847
S24,W09,0.879
S24,W10,0.896
S24,W11,0.856
S24,W12,0.865
S24,W13,0.867
S24,W14,0.831
S24,W15,0.879
S24,W16,0.889
S24,W17,0.868
S24,W18,0.850
S24,W19,0.892
S24,W20,0.864
S24,W21,0.886
S24,W22,0.812
S24,W23,0.906
S24,W24,0.906
S24,W25,0.842
S24,W26,0.839
S25,W01,0.896
S25,W02,0.868
S25,W03,0.898
S25,W04,0.856
S25,W05,0.885
S25,W06,0.880
S25,W07,0.811
S25,W08,0.853
S25,W09,0.890
S25,W10,0.851
S25,W11,0.881
S25,W12,0.828
S25,W13,0.901
S25,W14,0.829
S25,W15,0.830
S25,W16,0.869
S25,W17,0.861
S25,W18,0.861
S25,W19,0.828
S25,W20,0.890
S25,W21,0.843
S25,W22,0.832
S25,W23,0.861
S25,W24,0.882
S25,W25,0.867
S25,W26,0.841
S26,W01,0.857
S26,W02,0.906
S26,W03,0.899
S26,W04,0.883
S26,W05,0.815
S26,W06,0.828
S26,W07,0.824
S26,W08,0.825
S26,W09,0.851
S26,W10,0.829
S26,W11,0.833
S26,W12,0.867
S26,W13,0.864
S26,W14,0.891
S26,W15,0.896
S26,W16,0.894
S26,W17,0.865
S26,W18,0.860
S26,W19,0.822
S26,W20,0.882
S26,W21,0.875
S26,W22,0.824
S26,W23,0.824
S26,W24,0.892
S26,W25,0.906
S26,W26,0.859
S27,W01,0.883
S27,W02,0.889
S27,W03,0.876
S27,W04,0.850
S27,W05,0.816
S27,W06,0.878
S27,W07,0.842
S27,W08,0.857
S27,W09,0.836
S27,W10,0.816
S27,W11,0.879
S27,W12,0.823
S27,W13,0.857
S27,W14,0.903
S27,W15,0.894
S27,W16,0.869
S27,W17,0.842
S27,W18,0.857
S27,W19,0.857
S27,W20,0.848
S27,W21,0.842
S27,W22,0.872
S27,W23,0.866
S27,W24,0.811
S27,W25,0.854
S27,W26,0.812
S28,W01,0.867
S28,W02,0.890
S28,W03,0.856
S28,W04,0.856
S28,W05,0.817
S28,W06,0.818
S28,W07,0.873
S28,W08,0.892
S28,W09,0.822
S28,W10,0.816
S28,W11,0.836
S28,W12,0.875
S28,W13,0.867
S28,W14,0.852
S28,W15,0.835
S28,W16,0.810
S28,W17,0.824
S28,W18,0.815
S28,W19,0.868
S28,W20,0.820
S28,W21,0.888
S28,W22,0.897
S28,W23,0.886
S28,W24,0.877
S28,W25,0.836
S28,W26,0.897
S29,W01,0.832
S29,W02,0.865
S29,W03,0.870
S29,W04,0.828
S29,W05,0.845
S29,W06,0.880
S29,W07,0.818
S29,W08,0.867
S29,W09,0.848
S29,W10,0.870
S29,W11,0.876
S29,W12,0.887
S29,W13,0.902
S29,W14,0.869
S29,W15,0.907
S29,W16,0.825
S29,W17,0.858
S29,W18,0.886
S29,W19,0.903
S29,W20,0.824
S29,W21,0.815
S29,W22,0.871
S29,W23,0.839
S29,W24,0.896
S29,W25,0.886
S29,W26,0.855
S30,W01,0.896
S30,W02,0.824
S30,W03,0.829
S30,W04,0.832
S30,W05,0.827
S30,W06,0.907
S30,W07,0.850
S30,W08,0.884
S30,W09,0.866
S30,W10,0.871
S30,W11,0.907
S30,W12,0.902
S30,W13,0.831
S30,W14,0.858
S30,W15,0.881
S30,W16,0.856
S30,W17,0.893
S30,W18,0.834
S30,W19,0.820
S30,W20,0.857
S30,W21,0.831
S30,W22,0.906
S30,W23,0.832
S30,W24,0.874
S30,W25,0.859
S30,W26,0.863
S31,W01,0.883
S31,W02,0.901
S31,W03,0.812
S31,W04,0.836
S31,W05,0.822
S31,W06,0.837
S31,W07,0.812
S31,W08,0.907
S31,W09,0.881
S31,W10,0.823
S31,W11,0.885
S31,W12,0.821
S31,W13,0.810
S31,W14,0.872
S31,W15,0.843
S31,W16,0.881
S31,W17,0.906
S31,W18,0.859
S31,W19,0.859
S31,W20,0.859
S31,W21,0.866
S31,W22,0.892
S31,W23,0.865
S31,W24,0.833
S31,W25,0.823
S31,W26,0.883
S32,W01,0.833
S32,W02,0.894
S32,W03,0.900
S32,W04,0.895
S32,W05,0.813
S32,W06,0.876
S32,W07,0.867
S32,W08,0.837
S32,W09,0.905
S32,W10,0.836
S32,W11,0.855
S32,W12,0.878
S32,W13,0.849
S32,W14,0.868
S32,W15,0.831
S32,W16,0.834
S32,W17,0.888
S32,W18,0.883
S32,W19,0.880
S32,W20,0.885
S32,W21,0.902
S32,W22,0.829
S32,W23,0.824
S32,W24,0.863
S32,W25,0.865
S32,W26,0.815
S33,W01,0.862
S33,W02,0.835
S33,W03,0.894
S33,W04,0.909
S33,W05,0.829
S33,W06,0.820
S33,W07,0.904
S33,W08,0.854
S33,W09,0.897
S33,W10,0.862
S33,W11,0.837
S33,W12,0.820
S33,W13,0.857
S33,W14,0.825
S33,W15,0.818
S33,W16,0.898
S33,W17,0.891
S33,W18,0.860
S33,W19,0.879
S33,W20,0.842
S33,W21,0.820
S33,W22,0.868
S33,W23,0.872
S33,W24,0.840
S33,W25,0.858
S33,W26,0.887
S34,W01,0.881
S34,W02,0.882
S34,W03,0.887
S34,W04,0.856
S34,W05,0.904
S34,W06,0.834
S34,W07,0.812
S34,W08,0.898
S34,W09,0.828
S34,W10,0.826
S34,W11,0.842
S34,W12,0.828
S34,W13,0.879
S34,W14,0.894
S34,W15,0.835
S34,W16,0.887
S34,W17,0.863
S34,W18,0.843
S34,W19,0.855
S34,W20,0.880
S34,W21,0.883
S34,W22,0.835
S34,W23,0.898
S34,W24,0.849
S34,W25,0.896
S34,W26,0.814
S35,W01,0.830
S35,W02,0.860
S35,W03,0.883
S35,W04,0.890
S35,W05,0.899
S35,W06,0.850
S35,W07,0.867
S35,W08,0.845
S35,W09,0.879
S35,W10,0.830
S35,W11,0.858
S35,W12,0.872
S35,W13,0.844
S35,W14,0.874
S35,W15,0.817
S35,W16,0.891
S35,W17,0.841
S35,W18,0.907
S35,W19,0.907
S35,W20,0.894
S35,W21,0.819
S35,W22,0.845
S35,W23,0.898
S35,W24,0.854
S35,W25,0.886
S35,W26,0.829
S36,W01,0.833
S36,W02,0.906
S36,W03,0.840
S36,W04,0.898
S36,W05,0.812
S36,W06,0.821
S36,W07,0.846
S36,W08,0.909
S36,W09,0.819
S36,W10,0.865
S36,W11,0.880
S36,W12,0.873
S36,W13,0.855
S36,W14,0.866
S36,W15,0.852
S36,W16,0.873
S36,W17,0.822
S36,W18,0.844
S36,W19,0.858
S36,W20,0.816
S36,W21,0.834
S36,W22,0.859
S36,W23,0.830
S36,W24,0.821
S36,W25,0.830
S36,W26,0.840
S37,W01,0.872
S37,W02,0.861
S37,W03,0.828
S37,W04,0.824
S37,W05,0.822
S37,W06,0.847
S37,W07,0.880
S37,W08,0.894
S37,W09,0.872
S37,W10,0.887
S37,W11,0.821
S37,W12,0.899
S37,W13,0.844
S37,W14,0.868
S37,W15,0.854
S37,W16,0.872
S37,W17,0.883
S37,W18,0.816
S37,W19,0.846
S37,W20,0.875
S37,W21,0.895
S37,W22,0.905
S37,W23,0.877
S37,W24,0.882
S37,W25,0.858
S37,W26,0.898
S38,W01,0.855
S38,W02,0.870
S38,W03,0.850
S38,W04,0.847
S38,W05,0.879
S38,W06,0.841
S38,W07,0.902
S38,W08,0.818
S38,W09,0.887
S38,W10,0.819
S38,W11,0.879
S38,W12,0.828
S38,W13,0.875
S38,W14,0.885
S38,W15,0.856
S38,W16,0.884
S38,W17,0.908
S38,W18,0.815
S38,W19,0.879
S38,W20,0.831
S38,W21,0.851
S38,W22,0.832
S38,W23,0.845
S38,W24,0.876
S38,W25,0.896
S38,W26,0.858
S39,W01,0.889
S39,W02,0.890
S39,W03,0.880
S39,W04,0.840
S39,W05,0.865
S39,W06,0.872
S39,W07,0.863
S39,W08,0.891
S39,W09,0.904
S39,W10,0.821
S39,W11,0.876
S39,W12,0.879
S39,W13,0.854
S39,W14,0.812
S39,W15,0.859
S39,W16,0.834
S39,W17,0.811
S39,W18,0.841
S39,W19,0.897
S39,W20,0.880
S39,W21,0.889
S39,W22,0.815
S39,W23,0.844
S39,W24,0.877
S39,W25,0.811
S39,W26,0.840
S40,W01,0.829
S40,W02,0.822
S40,W03,0.900
S40,W04,0.847
S40,W05,0.837
S40,W06,0.881
S40,W07,0.897
S40,W08,0.861
S40,W09,0.814
S40,W10,0.861
S40,W11,0.831
S40,W12,0.842
S40,W13,0.879
S40,W14,0.875
S40,W15,0.863
S40,W16,0.824
S40,W17,0.826
S40,W18,0.852
S40,W19,0.856
S40,W20,0.898
S40,W21,0.858
S40,W22,0.833
S40,W23,0.838
S40,W24,0.850
S40,W25,0.850
S40,W26,0.812
S41,W01,0.901
S41,W02,0.836
S41,W03,0.821
S41,W04,0.841
S41,W05,0.846
S41,W06,0.864
S41,W07,0.873
S41,W08,0.883
S41,W09,0.828
S41,W10,0.818
S41,W11,0.896
S41,W12,0.881
S41,W13,0.820
S41,W14,0.904
S41,W15,0.854
S41,W16,0.860
S41,W17,0.852
S41,W18,0.885
S41,W19,0.888
S41,W20,0.821
S41,W21,0.819
S41,W22,0.850
S41,W23,0.849
S41,W24,0.894
S41,W25,0.829
S41,W26,0.818
S42,W01,0.883
S42,W02,0.878
S42,W03,0.903
S42,W04,0.814
S42,W05,0.894
S42,W06,0.848
S42,W07,0.814
S42,W08,0.869
S42,W09,0.845
S42,W10,0.812
S42,W11,0.819
S42,W12,0.863
S42,W13,0.869
S42,W14,0.891
S42,W15,0.827
S42,W16,0.821
S42,W17,0.857
S42,W18,0.896
S42,W19,0.879
S42,W20,0.901
S42,W21,0.846
S42,W22,0.860
S42,W23,0.810
S42,W24,0.825
S42,W25,0.877
S42,W26,0.864
S43,W01,0.876
S43,W02,0.876
S43,W03,0.874
S43,W04,0.876
S43,W05,0.868
S43,W06,0.854
S43,W07,0.842
S43,W08,0.896
S43,W09,0.906
S43,W10,0.874
S43,W11,0.812
S43,W12,0.821
S43,W13,0.839
S43,W14,0.905
S43,W15,0.841
S43,W16,0.843
S43,W17,0.875
S43,W18,0.866
S43,W19,0.826
S43,W20,0.874
S43,W21,0.876
S43,W22,0.859
S43,W23,0.824
S43,W24,0.853
S43,W25,0.898
S43,W26,0.883
S44,W01,0.823
S44,W02,0.897
S44,W03,0.875
S44,W04,0.838
S44,W05,0.908
S44,W06,0.832
S44,W07,0.821
S44,W08,0.829
S44,W09,0.905
S44,W10,0.874
S44,W11,0.899
S44,W12,0.819
S44,W13,0.838
S44,W14,0.855
S44,W15,0.908
S44,W16,0.894
S44,W17,0.825
S44,W18,0.861
S44,W19,0.828
S44,W20,0.895
S44,W21,0.909
S44,W22,0.883
S44,W23,0.902
S44,W24,0.831
S44,W25,0.854
S44,W26,0.826
S45,W01,0.842
S45,W02,0.843
S45,W03,0.850
S45,W04,0.856
S45,W05,0.901
S45,W06,0.855
S45,W07,0.868
S45,W08,0.901
S45,W09,0.847
S45,W10,0.823
S45,W11,0.900
S45,W12,0.909
S45,W13,0.847
S45,W14,0.858
S45,W15,0.844
S45,W16,0.863
S45,W17,0.857
S45,W18,0.901
S45,W19,0.872
S45,W20,0.891
S45,W21,0.906
S45,W22,0.841
S45,W23,0.861
S45,W24,0.816
S45,W25,0.885
S45,W26,0.861
S46,W01,0.878
S46,W02,0.875
S46,W03,0.843
S46,W04,0.862
S46,W05,0.814
S46,W06,0.871
S46,W07,0.891
S46,W08,0.834
S46,W09,0.888
S46,W10,0.830
S46,W11,0.896
S46,W12,0.830
S46,W13,0.883
S46,W14,0.839
S46,W15,0.848
S46,W16,0.819
S46,W17,0.844
S46,W18,0.835
S46,W19,0.820
S46,W20,0.827
S46,W21,0.845
S46,W22,0.817
S46,W23,0.866
S46,W24,0.871
S46,W25,0.908
S46,W26,0.877
S47,W01,0.869
S47,W02,0.835
S47,W03,0.847
S47,W04,0.899
S47,W05,0.840
S47,W06,0.874
S47,W07,0.831
S47,W08,0.857
S47,W09,0.886
S47,W10,0.863
S47,W11,0.895
S47,W12,0.819
S47,W13,0.822
S47,W14,0.905
S47,W15,0.823
S47,W16,0.869
S47,W17,0.841
S47,W18,0.848
S47,W19,0.863
S47,W20,0.856
S47,W21,0.814
S47,W22,0.855
S47,W23,0.848
S47,W24,0.883
S47,W25,0.822
S47,W26,0.903
S48,W01,0.909
S48,W02,0.830
S48,W03,0.815
S48,W04,0.868
S48,W05,0.864
S48,W06,0.884
S48,W07,0.889
S48,W08,0.880
S48,W09,0.841
S48,W10,0.885
S48,W11,0.879
S48,W12,0.830
S48,W13,0.814
S48,W14,0.869
S48,W15,0.890
S48,W16,0.895
S48,W17,0.888
S48,W18,0.886
S48,W19,0.813
S48,W20,0.893
S48,W21,0.850
S48,W22,0.895
S48,W23,0.895
S48,W24,0.845
S48,W25,0.886
S48,W26,0.855
S49,W01,0.880
S49,W02,0.833
S49,W03,0.834
S49,W04,0.829
S49,W05,0.834
S49,W06,0.906
S49,W07,0.854
S49,W08,0.870
S49,W09,0.853
S49,W10,0.812
S49,W11,0.903
S49,W12,0.896
S49,W13,0.815
S49,W14,0.826
S49,W15,0.881
S49,W16,0.897
S49,W17,0.838
S49,W18,0.889
S49,W19,0.862
S49,W20,0.870
S49,W21,0.830
S49,W22,0.903
S49,W23,0.870
S49,W24,0.849
S49,W25,0.900
S49,W26,0.827
S50,W01,0.882
S50,W02,0.870
S50,W03,0.865
S50,W04,0.900
S50,W05,0.849
S50,W06,0.833
S50,W07,0.875
S50,W08,0.838
S50,W09,0.877
S50,W10,0.864
S50,W11,0.883
S50,W12,0.872
S50,W13,0.888
S50,W14,0.826
S50,W15,0.817
S50,W16,0.815
S50,W17,0.900
S50,W18,0.881
S50,W19,0.847
S50,W20,0.824
S50,W21,0.879
S50,W22,0.833
S50,W23,0.851
S50,W24,0.875
S50,W25,0.896
S50,W26,0.873
S51,W01,0.843
S51,W02,0.847
S51,W03,0.883
S51,W04,0.840
S51,W05,0.888
S51,W06,0.858
S51,W07,0.815
S51,W08,0.896
S51,W09,0.870
S51,W10,0.851
S51,W11,0.892
S51,W12,0.878
S51,W13,0.849
S51,W14,0.881
S51,W15,0.845
S51,W16,0.863
S51,W17,0.876
S51,W18,0.816
S51,W19,0.896
S51,W20,0.888
S51,W21,0.833
S51,W22,0.887
S51,W23,0.884
S51,W24,0.874
S51,W25,0.895
S51,W26,0.813
S52,W01,0.851
S52,W02,0.846
S52,W03,0.895
S52,W04,0.897
S52,W05,0.901
S52,W06,0.840
S52,W07,0.887
S52,W08,0.816
S52,W09,0.814
S52,W10,0.903
S52,W11,0.893
S52,W12,0.838
S52,W13,0.902
S52,W14,0.824
S52,W15,0.866
S52,W16,0.873
S52,W17,0.884
S52,W18,0.908
S52,W19,0.849
S52,W20,0.832
S52,W21,0.813
S52,W22,0.845
S52,W23,0.873
S52,W24,0.903
S52,W25,0.858
S52,W26,0.893
S53,W01,0.880
S53,W02,0.875
S53,W03,0.835
S53,W04,0.847
S53,W05,0.868
S53,W06,0.866
S53,W07,0.811
S53,W08,0.882
S53,W09,0.812
S53,W10,0.900
S53,W11,0.909
S53,W12,0.810
S53,W13,0.824
S53,W14,0.882
S53,W15,0.883
S53,W16,0.898
S53,W17,0.847
S53,W18,0.903
S53,W19,0.859
S53,W20,0.867
S53,W21,0.902
S53,W22,0.894
S53,W23,0.822
S53,W24,0.899
S53,W25,0.881
S53,W26,0.830
S54,W01,0.835
S54,W02,0.899
S54,W03,0.876
S54,W04,0.811
S54,W05,0.846
S54,W06,0.830
S54,W07,0.834
S54,W08,0.872
S54,W09,0.888
S54,W10,0.845
S54,W11,0.850
S54,W12,0.812
S54,W13,0.833
S54,W14,0.869
S54,W15,0.855
S54,W16,0.849
S54,W17,0.903
S54,W18,0.854
S54,W19,0.833
S54,W20,0.831
S54,W21,0.836
S54,W22,0.840
S54,W23,0.879
S54,W24,0.824
S54,W25,0.866
S54,W26,0.893
S55,W01,0.862
S55,W02,0.905
S55,W03,0.870
S55,W04,0.828
S55,W05,0.819
S55,W06,0.876
S55,W07,0.878
S55,W08,0.885
S55,W09,0.826
S55,W10,0.838
S55,W11,0.832
S55,W12,0.830
S55,W13,0.897
S55,W14,0.850
S55,W15,0.849
S55,W16,0.818
S55,W17,0.828
S55,W18,0.865
S55,W19,0.846
S55,W20,0.860
S55,W21,0.866
S55,W22,0.840
S55,W23,0.898
S55,W24,0.842
S55,W25,0.845
S55,W26,0.852
S56,W01,0.887
S56,W02,0.837
S56,W03,0.862
S56,W04,0.814
S56,W05,0.815
S56,W06,0.875
S56,W07,0.827
S56,W08,0.882
S56,W09,0.836
S56,W10,0.897
S56,W11,0.862
S56,W12,0.887
S56,W13,0.830
S56,W14,0.906
S56,W15,0.879
S56,W16,0.853
S56,W17,0.894
S56,W18,0.874
S56,W19,0.877
S56,W20,0.902
S56,W21,0.822
S56,W22,0.859
S56,W23,0.834
S56,W24,0.822
S56,W25,0.893
S56,W26,0.904
S57,W01,0.865
S57,W02,0.896
S57,W03,0.880
S57,W04,0.835
S57,W05,0.875
S57,W06,0.811
S57,W07,0.879
S57,W08,0.871
S57,W09,0.873
S57,W10,0.833
S57,W11,0.868
S57,W12,0.873
S57,W13,0.910
S57,W14,0.825
S57,W15,0.837
S57,W16,0.832
S57,W17,0.887
S57,W18,0.815
S57,W19,0.896
S57,W20,0.826
S57,W21,0.901
S57,W22,0.857
S57,W23,0.860
S57,W24,0.869
S57,W25,0.893
S57,W26,0.891
S58,W01,0.857
S58,W02,0.853
S58,W03,0.811
S58,W04,0.856
S58,W05,0.813
S58,W06,0.816
S58,W07,0.863
S58,W08,0.833
S58,W09,0.854
S58,W10,0.822
S58,W11,0.855
S58,W12,0.890
S58,W13,0.906
S58,W14,0.900
S58,W15,0.902
S58,W16,0.852
S58,W17,0.883
S58,W18,0.879
S58,W19,0.840
S58,W20,0.812
S58,W21,0.890
S58,W22,0.834
S58,W23,0.822
S58,W24,0.906
S58,W25,0.837
S58,W26,0.825
S59,W01,0.870
S59,W02,0.831
S59,W03,0.874
S59,W04,0.823
S59,W05,0.824
S59,W06,0.818
S59,W07,0.836
S59,W08,0.858
S59,W09,0.881
S59,W10,0.869
S59,W11,0.847
S59,W12,0.847
S59,W13,0.887
S59,W14,0.834
S59,W15,0.853
S59,W16,0.867
S59,W17,0.856
S59,W18,0.860
S59,W19,0.880
S59,W20,0.862
S59,W21,0.835
S59,W22,0.871
S59,W23,0.841
S59,W24,0.863
S59,W25,0.868
S59,W26,0.837
S60,W01,0.836
S60,W02,0.854
S60,W03,0.901
S60,W04,0.821
S60,W05,0.905
S60,W06,0.908
S60,W07,0.886
S60,W08,0.880
S60,W09,0.872
S60,W10,0.810
S60,W11,0.885
S60,W12,0.818
S60,W13,0.854
S60,W14,0.825
S60,W15,0.826
S60,W16,0.845
S60,W17,0.854
S60,W18,0.900
S60,W19,0.908
S60,W20,0.826
S60,W21,0.862
S60,W22,0.902
S60,W23,0.882
S60,W24,0.844
S60,W25,0.905
S60,W26,0.867
S61,W01,0.854
S61,W02,0.858
S61,W03,0.886
S61,W04,0.840
S61,W05,0.878
S61,W06,0.869
S61,W07,0.902
S61,W08,0.852
S61,W09,0.902
S61,W10,0.850
S61,W11,0.838
S61,W12,0.871
S61,W13,0.817
S61,W14,0.892
S61,W15,0.895
S61,W16,0.815
S61,W17,0.902
S61,W18,0.874
S61,W19,0.903
S61,W20,0.831
S61,W21,0.868
S61,W22,0.844
S61,W23,0.825
S61,W24,0.885
S61,W25,0.833
S61,W26,0.832
S62,W01,0.891
S62,W02,0.882
S62,W03,0.868
S62,W04,0.864
S62,W05,0.876
S62,W06,0.908
S62,W07,0.850
S62,W08,0.848
S62,W09,0.895
S62,W10,0.858
S62,W11,0.828
S62,W12,0.887
S62,W13,0.891
S62,W14,0.872
S62,W15,0.829
S62,W16,0.886
S62,W17,0.897
S62,W18,0.843
S62,W19,0.846
S62,W20,0.858
S62,W21,0.895
S62,W22,0.846
S62,W23,0.828
S62,W24,0.814
S62,W25,0.870
S62,W26,0.902
S63,W01,0.902
S63,W02,0.833
S63,W03,0.872
S63,W04,0.895
S63,W05,0.815
S63,W06,0.821
S63,W07,0.889
S63,W08,0.903
S63,W09,0.825
S63,W10,0.829
S63,W11,0.887
S63,W12,0.886
S63,W13,0.898
S63,W14,0.823
S63,W15,0.811
S63,W16,0.893
S63,W17,0.885
S63,W18,0.859
S63,W19,0.898
S63,W20,0.813
S63,W21,0.906
S63,W22,0.866
S63,W23,0.861
S63,W24,0.867
S63,W25,0.853
S63,W26,0.846
S64,W01,0.860
S64,W02,0.841
S64,W03,0.901
S64,W04,0.837
S64,W05,0.864
S64,W06,0.873
S64,W07,0.862
S64,W08,0.831
S64,W09,0.901
S64,W10,0.896
S64,W11,0.819
S64,W12,0.888
S64,W13,0.868
S64,W14,0.901
S64,W15,0.890
S64,W16,0.852
S64,W17,0.891
S64,W18,0.865
S64,W19,0.856
S64,W20,0.838
S64,W21,0.889
S64,W22,0.841
S64,W23,0.824
S64,W24,0.814
S64,W25,0.865
S64,W26,0.897
S65,W01,0.844
S65,W02,0.902
S65,W03,0.883
S65,W04,0.876
S65,W05,0.827
S65,W06,0.813
S65,W07,0.906
S65,W08,0.870
S65,W09,0.897
S65,W10,0.871
S65,W11,0.904
S65,W12,0.907
S65,W13,0.849
S65,W14,0.884
S65,W15,0.826
S65,W16,0.908
S65,W17,0.888
S65,W18,0.872
S65,W19,0.850
S65,W20,0.890
S65,W21,0.882
S65,W22,0.843
S65,W23,0.885
S65,W24,0.883
S65,W25,0.856
S65,W26,0.863
S66,W01,0.831
S66,W02,0.834
S66,W03,0.854
S66,W04,0.829
S66,W05,0.850
S66,W06,0.825
S66,W07,0.895
S66,W08,0.900
S66,W09,0.894
S66,W10,0.843
S66,W11,0.895
S66,W12,0.842
S66,W13,0.882
S66,W14,0.891
S66,W15,0.859
S66,W16,0.847
S66,W17,0.874
S66,W18,0.875
S66,W19,0.816
S66,W20,0.843
S66,W21,0.901
S66,W22,0.845
S66,W23,0.818
S66,W24,0.888
S66,W25,0.853
S66,W26,0.852
S67,W01,0.883
S67,W02,0.851
S67,W03,0.895
S67,W04,0.819
S67,W05,0.854
S67,W06,0.838
S67,W07,0.817
S67,W08,0.884
S67,W09,0.847
S67,W10,0.856
S67,W11,0.869
S67,W12,0.905
S67,W13,0.827
S67,W14,0.851
S67,W15,0.813
S67,W16,0.828
S67,W17,0.843
S67,W18,0.851
S67,W19,0.817
S67,W20,0.880
S67,W21,0.827
S67,W22,0.863
S67,W23,0.897
S67,W24,0.842
S67,W25,0.901
S67,W26,0.844
S68,W01,0.841
S68,W02,0.896
S68,W03,0.884
S68,W04,0.814
S68,W05,0.866
S68,W06,0.865
S68,W07,0.882
S68,W08,0.815
S68,W09,0.904
S68,W10,0.888
S68,W11,0.843
S68,W12,0.834
S68,W13,0.864
S68,W14,0.868
S68,W15,0.832
S68,W16,0.819
S68,W17,0.898
S68,W18,0.901
S68,W19,0.873
S68,W20,0.825
S68,W21,0.835
S68,W22,0.863
S68,W23,0.909
S68,W24,0.824
S68,W25,0.906
S68,W26,0.887
S69,W01,0.890
S69,W02,0.859
S69,W03,0.904
S69,W04,0.850
S69,W05,0.873
S69,W06,0.837
S69,W07,0.816
S69,W08,0.847
S69,W09,0.884
S69,W10,0.901
S69,W11,0.901
S69,W12,0.846
S69,W13,0.901
S69,W14,0.813
S69,W15,0.872
S69,W16,0.836
S69,W17,0.894
S69,W18,0.822
S69,W19,0.851
S69,W20,0.887
S69,W21,0.819
S69,W22,0.847
S69,W23,0.853
S69,W24,0.869
S69,W25,0.822
S69,W26,0.870
S70,W01,0.859
S70,W02,0.817
S70,W03,0.863
S70,W04,0.845
S70,W05,0.899
S70,W06,0.868
S70,W07,0.854
S70,W08,0.824
S70,W09,0.887
S70,W10,0.852
S70,W11,0.894
S70,W12,0.858
S70,W13,0.811
S70,W14,0.818
S70,W15,0.829
S70,W16,0.901
S70,W17,0.862
S70,W18,0.907
S70,W19,0.810
S70,W20,0.872
S70,W21,0.886
S70,W22,0.821
S70,W23,0.858
S70,W24,0.860
S70,W25,0.835
S70,W26,0.905
S71,W01,0.864
S71,W02,0.879
S71,W03,0.842
S71,W04,0.862
S71,W05,0.868
S71,W06,0.863
S71,W07,0.816
S71,W08,0.833
S71,W09,0.873
S71,W10,0.896
S71,W11,0.903
S71,W12,0.907
S71,W13,0.858
S71,W14,0.871
S71,W15,0.815
S71,W16,0.815
S71,W17,0.894
S71,W18,0.852
S71,W19,0.897
S71,W20,0.851
S71,W21,0.908
S71,W22,0.883
S71,W23,0.856
S71,W24,0.872
S71,W25,0.876
S71,W26,0.826
S72,W01,0.858
S72,W02,0.871
S72,W03,0.822
S72,W04,0.820
S72,W05,0.897
S72,W06,0.850
S72,W07,0.882
S72,W08,0.831
S72,W09,0.881
S72,W10,0.876
S72,W11,0.851
S72,W12,0.842
S72,W13,0.886
S72,W14,0.850
S72,W15,0.845
S72,W16,0.869
S72,W17,0.881
S72,W18,0.846
S72,W19,0.872
S72,W20,0.892
S72,W21,0.880
S72,W22,0.858
S72,W23,0.861
S72,W24,0.860
S72,W25,0.906
S72,W26,0.906
S73,W01,0.850
S73,W02,0.860
S73,W03,0.878
S73,W04,0.844
S73,W05,0.892
S73,W06,0.889
S73,W07,0.888
S73,W08,0.864
S73,W09,0.870
S73,W10,0.876
S73,W11,0.878
S73,W12,0.864
S73,W13,0.863
S73,W14,0.885
S73,W15,0.819
S73,W16,0.855
S73,W17,0.852
S73,W18,0.839
S73,W19,0.825
S73,W20,0.890
S73,W21,0.835
S73,W22,0.828
S73,W23,0.825
S73,W24,0.858
S73,W25,0.862
S73,W26,0.856
S74,W01,0.886
S74,W02,0.872
S74,W03,0.891
S74,W04,0.886
S74,W05,0.901
S74,W06,0.862
S74,W07,0.846
S74,W08,0.873
S74,W09,0.900
S74,W10,0.876
S74,W11,0.869
S74,W12,0.861
S74,W13,0.855
S74,W14,0.878
S74,W15,0.840
S74,W16,0.852
S74,W17,0.833
S74,W18,0.876
S74,W19,0.870
S74,W20,0.863
S74,W21,0.899
S74,W22,0.818
S74,W23,0.840
S74,W24,0.875
S74,W25,0.811
S74,W26,0.820
S75,W01,0.842
S75,W02,0.870
S75,W03,0.848
S75,W04,0.887
S75,W05,0.897
S75,W06,0.878
S75,W07,0.852
S75,W08,0.824
S75,W09,0.853
S75,W10,0.875
S75,W11,0.899
S75,W12,0.841
S75,W13,0.896
S75,W14,0.907
S75,W15,0.815
S75,W16,0.889
S75,W17,0.832
S75,W18,0.891
S75,W19,0.873
S75,W20,0.874
S75,W21,0.866
S75,W22,0.813
S75,W23,0.869
S75,W24,0.873
S75,W25,0.868
S75,W26,0.888
S76,W01,0.869
S76,W02,0.876
S76,W03,0.859
S76,W04,0.838
S76,W05,0.869
S76,W06,0.890
S76,W07,0.857
S76,W08,0.862
S76,W09,0.820
S76,W10,0.816
S76,W11,0.876
S76,W12,0.829
S76,W13,0.887
S76,W14,0.847
S76,W15,0.827
S76,W16,0.813
S76,W17,0.834
S76,W18,0.833
S76,W19,0.870
S76,W20,0.885
S76,W21,0.836
S76,W22,0.825
S76,W23,0.818
S76,W24,0.893
S76,W25,0.866
S76,W26,0.908
S77,W01,0.904
S77,W02,0.906
S77,W03,0.875
S77,W04,0.816
S77,W05,0.862
S77,W06,0.833
S77,W07,0.849
S77,W08,0.905
S77,W09,0.868
S77,W10,0.825
S77,W11,0.873
S77,W12,0.846
S77,W13,0.813
S77,W14,0.891
S77,W15,0.866
S77,W16,0.904
S77,W17,0.856
S77,W18,0.838
S77,W19,0.827
S77,W20,0.812
S77,W21,0.846
S77,W22,0.901
S77,W23,0.815
S77,W24,0.810
S77,W25,0.861
S77,W26,0.907
S78,W01,0.863
S78,W02,0.840
S78,W03,0.904
S78,W04,0.907
S78,W05,0.903
S78,W06,0.866
S78,W07,0.831
S78,W08,0.900
S78,W09,0.871
S78,W10,0.892
S78,W11,0.884
S78,W12,0.900
S78,W13,0.872
S78,W14,0.812
S78,W15,0.893
S78,W16,0.824
S78,W17,0.838
S78,W18,0.872
S78,W19,0.824
S78,W20,0.824
S78,W21,0.883
S78,W22,0.847
S78,W23,0.849
S78,W24,0.867
S78,W25,0.832
S78,W26,0.907
S79,W01,0.906
S79,W02,0.855
S79,W03,0.822
S79,W04,0.829
S79,W05,0.812
S79,W06,0.902
S79,W07,0.823
S79,W08,0.815
S79,W09,0.888
S79,W10,0.901
S79,W11,0.820
S79,W12,0.834
S79,W13,0.891
S79,W14,0.822
S79,W15,0.843
S79,W16,0.862
S79,W17,0.821
S79,W18,0.879
S79,W19,0.841
S79,W20,0.834
S79,W21,0.827
S79,W22,0.896
S79,W23,0.825
S79,W24,0.846
S79,W25,0.851
S79,W26,0.850
S80,W01,0.895
S80,W02,0.891
S80,W03,0.869
S80,W04,0.823
S80,W05,0.857
S80,W06,0.827
S80,W07,0.819
S80,W08,0.871
S80,W09,0.846
S80,W10,0.849
S80,W11,0.859
S80,W12,0.832
S80,W13,0.844
S80,W14,0.833
S80,W15,0.815
S80,W16,0.865
S80,W17,0.881
S80,W18,0.909
S80,W19,0.835
S80,W20,0.902
S80,W21,0.849
S80,W22,0.823
S80,W23,0.898
S80,W24,0.825
S80,W25,0.828
S80,W26,0.833
S81,W01,0.833
S81,W02,0.835
S81,W03,0.846
S81,W04,0.857
S81,W05,0.825
S81,W06,0.850
S81,W07,0.839
S81,W08,0.839
S81,W09,0.881
S81,W10,0.873
S81,W11,0.871
S81,W12,0.833
S81,W13,0.834
S81,W14,0.816
S81,W15,0.880
S81,W16,0.833
S81,W17,0.866
S81,W18,0.848
S81,W19,0.860
S81,W20,0.860
S81,W21,0.855
S81,W22,0.839
S81,W23,0.857
S81,W24,0.819
S81,W25,0.822
S81,W26,0.875
S82,W01,0.871
S82,W02,0.873
S82,W03,0.828
S82,W04,0.898
S82,W05,0.890
S82,W06,0.889
S82,W07,0.864
S82,W08,0.849
S82,W09,0.858
S82,W10,0.877
S82,W11,0.864
S82,W12,0.826
S82,W13,0.892
S82,W14,0.857
S82,W15,0.814
S82,W16,0.812
S82,W17,0.890
S82,W18,0.831
S82,W19,0.837
S82,W20,0.857
S82,W21,0.906
S82,W22,0.873
S82,W23,0.843
S82,W24,0.871
S82,W25,0.903
S82,W26,0.900
S83,W01,0.834
S83,W02,0.895
S83,W03,0.821
S83,W04,0.883
S83,W05,0.899
S83,W06,0.909
S83,W07,0.819
S83,W08,0.825
S83,W09,0.857
S83,W10,0.847
S83,W11,0.837
S83,W12,0.860
S83,W13,0.839
S83,W14,0.909
S83,W15,0.888
S83,W16,0.846
S83,W17,0.871
S83,W18,0.906
S83,W19,0.814
S83,W20,0.821
S83,W21,0.830
S83,W22,0.905
S83,W23,0.827
S83,W24,0.895
S83,W25,0.888
S83,W26,0.827
S84,W01,0.910
S84,W02,0.861
S84,W03,0.818
S84,W04,0.880
S84,W05,0.878
S84,W06,0.863
S84,W07,0.867
S84,W08,0.832
S84,W09,0.872
S84,W10,0.836
S84,W11,0.838
S84,W12,0.863
S84,W13,0.891
S84,W14,0.845
S84,W15,0.897
S84,W16,0.840
S84,W17,0.880
S84,W18,0.832
S84,W19,0.879
S84,W20,0.827
S84,W21,0.819
S84,W22,0.846
S84,W23,0.890
S84,W24,0.860
S84,W25,0.840
S84,W26,0.910
S85,W01,0.889
S85,W02,0.824
S85,W03,0.816
S85,W04,0.846
S85,W05,0.902
S85,W06,0.876
S85,W07,0.888
S85,W08,0.899
S85,W09,0.835
S85,W10,0.904
S85,W11,0.868
S85,W12,0.834
S85,W13,0.874
S85,W14,0.858
S85,W15,0.901
S85,W16,0.880
S85,W17,0.821
S85,W18,0.834
S85,W19,0.847
S85,W20,0.831
S85,W21,0.815
S85,W22,0.821
S85,W23,0.838
S85,W24,0.885
S85,W25,0.870
S85,W26,0.898
S86,W01,0.865
S86,W02,0.881
S86,W03,0.827
S86,W04,0.884
S86,W05,0.825
S86,W06,0.871
S86,W07,0.883
S86,W08,0.903
S86,W09,0.885
S86,W10,0.852
S86,W11,0.818
S86,W12,0.856
S86,W13,0.855
S86,W14,0.862
S86,W15,0.878
S86,W16,0.847
S86,W17,0.852
S86,W18,0.881
S86,W19,0.850
S86,W20,0.865
S86,W21,0.848
S86,W22,0.838
S86,W23,0.877
S86,W24,0.909
S86,W25,0.866
S86,W26,0.830
S87,W01,0.872
S87,W02,0.873
S87,W03,0.899
S87,W04,0.846
S87,W05,0.882
S87,W06,0.815
S87,W07,0.886
S87,W08,0.902
S87,W09,0.906
S87,W10,0.890
S87,W11,0.826
S87,W12,0.853
S87,W13,0.850
S87,W14,0.854
S87,W15,0.812
S87,W16,0.831
S87,W17,0.858
S87,W18,0.908
S87,W19,0.846
S87,W20,0.859
S87,W21,0.850
S87,W22,0.859
S87,W23,0.814
S87,W24,0.818
S87,W25,0.813
S87,W26,0.811
S88,W01,0.885
S88,W02,0.859
S88,W03,0.825
S88,W04,0.828
S88,W05,0.883
S88,W06,0.857
S88,W07,0.829
S88,W08,0.858
S88,W09,0.865
S88,W10,0.841
S88,W11,0.902
S88,W12,0.910
S88,W13,0.898
S88,W14,0.826
S88,W15,0.900
S88,W16,0.899
S88,W17,0.865
S88,W18,0.885
S88,W19,0.853
S88,W20,0.835
S88,W21,0.848
S88,W22,0.881
S88,W23,0.829
S88,W24,0.813
S88,W25,0.855
S88,W26,0.874
S89,W01,0.866
S89,W02,0.818
S89,W03,0.876
S89,W04,0.897
S89,W05,0.858
S89,W06,0.849
S89,W07,0.821
S89,W08,0.847
S89,W09,0.891
S89,W10,0.844
S89,W11,0.907
S89,W12,0.857
S89,W13,0.906
S89,W14,0.865
S89,W15,0.881
S89,W16,0.861
S89,W17,0.889
S89,W18,0.895
S89,W19,0.857
S89,W20,0.851
S89,W21,0.814
S89,W22,0.864
S89,W23,0.851
S89,W24,0.902
S89,W25,0.879
S89,W26,0.815
S90,W01,0.889
S90,W02,0.906
S90,W03,0.873
S90,W04,0.905
S90,W05,0.862
S90,W06,0.890
S90,W07,0.888
S90,W08,0.892
S90,W09,0.838
S90,W10,0.814
S90,W11,0.845
S90,W12,0.869
S90,W13,0.861
S90,W14,0.880
S90,W15,0.909
S90,W16,0.841
S90,W17,0.885
S90,W18,0.821
S90,W19,0.899
S90,W20,0.816
S90,W21,0.854
S90,W22,0.889
S90,W23,0.819
S90,W24,0.875
S90,W25,0.895
S90,W26,0.828
S91,W01,0.868
S91,W02,0.894
S91,W03,0.896
S91,W04,0.866
S91,W05,0.878
S91,W06,0.908
S91,W07,0.813
S91,W08,0.829
S91,W09,0.862
S91,W10,0.864
S91,W11,0.875
S91,W12,0.897
S91,W13,0.851
S91,W14,0.869
S91,W15,0.830
S91,W16,0.840
S91,W17,0.863
S91,W18,0.811
S91,W19,0.879
S91,W20,0.873
S91,W21,0.889
S91,W22,0.900
S91,W23,0.847
S91,W24,0.854
S91,W25,0.882
S91,W26,0.876
S92,W01,0.895
S92,W02,0.892
S92,W03,0.864
S92,W04,0.909
S92,W05,0.890
S92,W06,0.813
S92,W07,0.895
S92,W08,0.894
S92,W09,0.844
S92,W10,0.825
S92,W11,0.907
S92,W12,0.850
S92,W13,0.856
S92,W14,0.867
S92,W15,0.827
S92,W16,0.879
S92,W17,0.858
S92,W18,0.900
S92,W19,0.899
S92,W20,0.853
S92,W21,0.908
S92,W22,0.857
S92,W23,0.902
S92,W24,0.825
S92,W25,0.880
S92,W26,0.891
S93,W01,0.850
S93,W02,0.857
S93,W03,0.857
S93,W04,0.874
S93,W05,0.863
S93,W06,0.878
S93,W07,0.813
S93,W08,0.850
S93,W09,0.871
S93,W10,0.841
S93,W11,0.856
S93,W12,0.819
S93,W13,0.837
S93,W14,0.900
S93,W15,0.827
S93,W16,0.816
S93,W17,0.893
S93,W18,0.843
S93,W19,0.883
S93,W20,0.873
S93,W21,0.820
S93,W22,0.823
S93,W23,0.816
S93,W24,0.890
S93,W25,0.899
S93,W26,0.894
S94,W01,0.831
S94,W02,0.860
S94,W03,0.902
S94,W04,0.899
S94,W05,0.837
S94,W06,0.840
S94,W07,0.814
S94,W08,0.889
S94,W09,0.883
S94,W10,0.862
S94,W11,0.833
S94,W12,0.864
S94,W13,0.880
S94,W14,0.888
S94,W15,0.821
S94,W16,0.880
S94,W17,0.860
S94,W18,0.895
S94,W19,0.825
S94,W20,0.852
S94,W21,0.836
S94,W22,0.865
S94,W23,0.837
S94,W24,0.884
S94,W25,0.837
S94,W26,0.851
S95,W01,0.811
S95,W02,0.841
S95,W03,0.830
S95,W04,0.877
S95,W05,0.829
S95,W06,0.855
S95,W07,0.816
S95,W08,0.812
S95,W09,0.836
S95,W10,0.867
S95,W11,0.845
S95,W12,0.893
S95,W13,0.819
S95,W14,0.860
S95,W15,0.839
S95,W16,0.899
S95,W17,0.894
S95,W18,0.822
S95,W19,0.826
S95,W20,0.831
S95,W21,0.849
S95,W22,0.909
S95,W23,0.855
S95,W24,0.890
S95,W25,0.893
S95,W26,0.827
S96,W01,0.826
S96,W02,0.907
S96,W03,0.827
S96,W04,0.819
S96,W05,0.892
S96,W06,0.822
S96,W07,0.815
S96,W08,0.853
S96,W09,0.879
S96,W10,0.865
S96,W11,0.835
S96,W12,0.891
S96,W13,0.881
S96,W14,0.834
S96,W15,0.840
S96,W16,0.853
S96,W17,0.901
S96,W18,0.831
S96,W19,0.811
S96,W20,0.887
S96,W21,0.879
S96,W22,0.883
S96,W23,0.826
S96,W24,0.831
S96,W25,0.857
S96,W26,0.824
S97,W01,0.817
S97,W02,0.877
S97,W03,0.865
S97,W04,0.865
S97,W05,0.821
S97,W06,0.895
S97,W07,0.832
S97,W08,0.888
S97,W09,0.895
S97,W10,0.846
S97,W11,0.819
S97,W12,0.909
S97,W13,0.879
S97,W14,0.814
S97,W15,0.908
S97,W16,0.844
S97,W17,0.866
S97,W18,0.821
S97,W19,0.890
S97,W20,0.821
S97,W21,0.890
S97,W22,0.892
S97,W23,0.811
S97,W24,0.888
S97,W25,0.893
S97,W26,0.834
S98,W01,0.868
S98,W02,0.817
S98,W03,0.885
S98,W04,0.834
S98,W05,0.821
S98,W06,0.908
S98,W07,0.880
S98,W08,0.885
S98,W09,0.901
S98,W10,0.862
S98,W11,0.888
S98,W12,0.895
S98,W13,0.876
S98,W14,0.889
S98,W15,0.899
S98,W16,0.835
S98,W17,0.842
S98,W18,0.846
S98,W19,0.898
S98,W20,0.902
S98,W21,0.879
S98,W22,0.814
S98,W23,0.883
S98,W24,0.820
S98,W25,0.885
S98,W26,0.898
S99,W01,0.815
S99,W02,0.828
S99,W03,0.896
S99,W04,0.819
S99,W05,0.855
S99,W06,0.842
S99,W07,0.821
S99,W08,0.864
S99,W09,0.820
S99,W10,0.866
S99,W11,0.901
S99,W12,0.828
S99,W13,0.823
S99,W14,0.885
S99,W15,0.879
S99,W16,0.848
S99,W17,0.892
S99,W18,0.875
S99,W19,0.839
S99,W20,0.889
S99,W21,0.833
S99,W22,0.850
S99,W23,0.877
S99,W24,0.847
S99,W25,0.877
S99,W26,0.818
S100,W01,0.863
S100,W02,0.906
S100,W03,0.875
S100,W04,0.873
S100,W05,0.878
S100,W06,0.906
S100,W07,0.887
S100,W08,0.836
S100,W09,0.816
S100,W10,0.892
S100,W11,0.834
S100,W12,0.884
S100,W13,0.827
S100,W14,0.874
S100,W15,0.876
S100,W16,0.851
S100,W17,0.843
S100,W18,0.878
S100,W19,0.811
S100,W20,0.822
S100,W21,0.890
S100,W22,0.870
S100,W23,0.881
S100,W24,0.877
S100,W25,0.870
S100,W26,0.872
S101,W01,0.890
S101,W02,0.868
S101,W03,0.862
S101,W04,0.876
S101,W05,0.863
S101,W06,0.890
S101,W07,0.811
S101,W08,0.879
S101,W09,0.817
S101,W10,0.841
S101,W11,0.857
S101,W12,0.906
S101,W13,0.812
S101,W14,0.846
S101,W15,0.840
S101,W16,0.856
S101,W17,0.840
S101,W18,0.815
S101,W19,0.848
S101,W20,0.895
S101,W21,0.811
S101,W22,0.840
S101,W23,0.817
S101,W24,0.820
S101,W25,0.845
S101,W26,0.846
S102,W01,0.844
S102,W02,0.825
S102,W03,0.846
S102,W04,0.888
S102,W05,0.895
S102,W06,0.851
S102,W07,0.823
S102,W08,0.849
S102,W09,0.866
S102,W10,0.833
S102,W11,0.906
S102,W12,0.865
S102,W13,0.836
S102,W14,0.850
S102,W15,0.810
S102,W16,0.815
S102,W17,0.880
S102,W18,0.862
S102,W19,0.900
S102,W20,0.862
S102,W21,0.878
S102,W22,0.908
S102,W23,0.893
S102,W24,0.872
S102,W25,0.893
S102,W26,0.896
S103,W01,0.845
S103,W02,0.828
S103,W03,0.868
S103,W04,0.867
S103,W05,0.812
S103,W06,0.892
S103,W07,0.869
S103,W08,0.860
S103,W09,0.910
S103,W10,0.847
S103,W11,0.810
S103,W12,0.822
S103,W13,0.844
S103,W14,0.818
S103,W15,0.876
S103,W16,0.909
S103,W17,0.852
S103,W18,0.888
S103,W19,0.883
S103,W20,0.886
S103,W21,0.905
S103,W22,0.843
S103,W23,0.841
S103,W24,0.878
S103,W25,0.861
S103,W26,0.842
S104,W01,0.823
S104,W02,0.841
S104,W03,0.890
S104,W04,0.844
S104,W05,0.811
S104,W06,0.847
S104,W07,0.850
S104,W08,0.879
S104,W09,0.875
S104,W10,0.827
S104,W11,0.844
S104,W12,0.909
S104,W13,0.825
S104,W14,0.874
S104,W15,0.815
S104,W16,0.884
S104,W17,0.834
S104,W18,0.908
S104,W19,0.815
S104,W20,0.863
S104,W21,0.832
S104,W22,0.893
S104,W23,0.827
S104,W24,0.835
S104,W25,0.820
S104,W26,0.824
S105,W01,0.825
S105,W02,0.894
S105,W03,0.883
S105,W04,0.864
S105,W05,0.826
S105,W06,0.833
S105,W07,0.820
S105,W08,0.902
S105,W09,0.861
S105,W10,0.820
S105,W11,0.811
S105,W12,0.847
S105,W13,0.900
S105,W14,0.886
S105,W15,0.835
S105,W16,0.849
S105,W17,0.852
S105,W18,0.897
S105,W19,0.831
S105,W20,0.823
S105,W21,0.885
S105,W22,0.813
S105,W23,0.831
S105,W24,0.819
S105,W25,0.827
S105,W26,0.852
S106,W01,0.882
S106,W02,0.826
S106,W03,0.902
S106,W04,0.853
S106,W05,0.902
S106,W06,0.813
S106,W07,0.846
S106,W08,0.855
S106,W09,0.838
S106,W10,0.823
S106,W11,0.821
S106,W12,0.859
S106,W13,0.822
S106,W14,0.876
S106,W15,0.903
S106,W16,0.830
S106,W17,0.858
S106,W18,0.857
S106,W19,0.849
S106,W20,0.891
S106,W21,0.829
S106,W22,0.868
S106,W23,0.907
S106,W24,0.897
S106,W25,0.851
S106,W26,0.875
S107,W01,0.810
S107,W02,0.889
S107,W03,0.815
S107,W04,0.892
S107,W05,0.870
S107,W06,0.822
S107,W07,0.877
S107,W08,0.817
S107,W09,0.894
S107,W10,0.895
S107,W11,0.834
S107,W12,0.883
S107,W13,0.816
S107,W14,0.892
S107,W15,0.864
S107,W16,0.843
S107,W17,0.885
S107,W18,0.818
S107,W19,0.883
S107,W20,0.852
S107,W21,0.868
S107,W22,0.865
S107,W23,0.875
S107,W24,0.896
S107,W25,0.871
S107,W26,0.835
S108,W01,0.863
S108,W02,0.893
S108,W03,0.860
S108,W04,0.884
S108,W05,0.888
S108,W06,0.826
S108,W07,0.815
S108,W08,0.909
S108,W09,0.827
S108,W10,0.818
S108,W11,0.889
S108,W12,0.865
S108,W13,0.825
S108,W14,0.876
S108,W15,0.867
S108,W16,0.882
S108,W17,0.833
S108,W18,0.837
S108,W19,0.848
S108,W20,0.907
S108,W21,0.895
S108,W22,0.859
S108,W23,0.871
S108,W24,0.831
S108,W25,0.899
S108,W26,0.853
S109,W01,0.844
S109,W02,0.881
S109,W03,0.830
S109,W04,0.845
S109,W05,0.845
S109,W06,0.845
S109,W07,0.872
S109,W08,0.846
S109,W09,0.877
S109,W10,0.819
S109,W11,0.826
S109,W12,0.820
S109,W13,0.871
S109,W14,0.819
S109,W15,0.829
S109,W16,0.832
S109,W17,0.844
S109,W18,0.811
S109,W19,0.837
S109,W20,0.867
S109,W21,0.831
S109,W22,0.878
S109,W23,0.864
S109,W24,0.892
S109,W25,0.904
S109,W26,0.811
S110,W01,0.814
S110,W02,0.825
S110,W03,0.844
S110,W04,0.842
S110,W05,0.902
S110,W06,0.844
S110,W07,0.836
S110,W08,0.818
S110,W09,0.895
S110,W10,0.873
S110,W11,0.863
S110,W12,0.896
S110,W13,0.860
S110,W14,0.863
S110,W15,0.885
S110,W16,0.886
S110,W17,0.817
S110,W18,0.837
S110,W19,0.852
S110,W20,0.888
S110,W21,0.818
S110,W22,0.882
S110,W23,0.875
S110,W24,0.845
S110,W25,0.813
S110,W26,0.871
S111,W01,0.853
S111,W02,0.822
S111,W03,0.870
S111,W04,0.830
S111,W05,0.880
S111,W06,0.831
S111,W07,0.839
S111,W08,0.855
S111,W09,0.813
S111,W10,0.824
S111,W11,0.852
S111,W12,0.870
S111,W13,0.900
S111,W14,0.843
S111,W15,0.883
S111,W16,0.865
S111,W17,0.829
S111,W18,0.865
S111,W19,0.829
S111,W20,0.838
S111,W21,0.866
S111,W22,0.867
S111,W23,0.854
S111,W24,0.910
S111,W25,0.860
S111,W26,0.819
S112,W01,0.867
S112,W02,0.907
S112,W03,0.905
S112,W04,0.891
S112,W05,0.860
S112,W06,0.909
S112,W07,0.865
S112,W08,0.910
S112,W09,0.869
S112,W10,0.823
S112,W11,0.856
S112,W12,0.875
S112,W13,0.884
S112,W14,0.849
S112,W15,0.821
S112,W16,0.837
S112,W17,0.842
S112,W18,0.877
S112,W19,0.886
S112,W20,0.887
S112,W21,0.833
S112,W22,0.825
S112,W23,0.832
S112,W24,0.873
S112,W25,0.815
S112,W26,0.832
S113,W01,0.853
S113,W02,0.848
S113,W03,0.902
S113,W04,0.821
S113,W05,0.871
S113,W06,0.901
S113,W07,0.822
S113,W08,0.839
S113,W09,0.862
S113,W10,0.899
S113,W11,0.868
S113,W12,0.815
S113,W13,0.839
S113,W14,0.826
S113,W15,0.848
S113,W16,0.901
S113,W17,0.871
S113,W18,0.901
S113,W19,0.845
S113,W20,0.815
S113,W21,0.854
S113,W22,0.825
S113,W23,0.858
S113,W24,0.893
S113,W25,0.827
S113,W26,0.898
S114,W01,0.859
S114,W02,0.862
S114,W03,0.820
S114,W04,0.842
S114,W05,0.844
S114,W06,0.828
S114,W07,0.857
S114,W08,0.851
S114,W09,0.856
S114,W10,0.835
S114,W11,0.842
S114,W12,0.829
S114,W13,0.816
S114,W14,0.812
S114,W15,0.850
S114,W16,0.814
S114,W17,0.856
S114,W18,0.895
S114,W19,0.841
S114,W20,0.884
S114,W21,0.861
S114,W22,0.883
S114,W23,0.859
S114,W24,0.826
S114,W25,0.894
S114,W26,0.865
S115,W01,0.849
S115,W02,0.845
S115,W03,0.810
S115,W04,0.840
S115,W05,0.898
S115,W06,0.822
S115,W07,0.876
S115,W08,0.892
S115,W09,0.829
S115,W10,0.818
S115,W11,0.904
S115,W12,0.870
S115,W13,0.838
S115,W14,0.835
S115,W15,0.852
S115,W16,0.903
S115,W17,0.885
S115,W18,0.814
S115,W19,0.885
S115,W20,0.882
S115,W21,0.873
S115,W22,0.826
S115,W23,0.836
S115,W24,0.838
S115,W25,0.838
S115,W26,0.910
S116,W01,0.898
S116,W02,0.847
S116,W03,0.904
S116,W04,0.879
S116,W05,0.891
S116,W06,0.821
S116,W07,0.887
S116,W08,0.848
S116,W09,0.859
S116,W10,0.855
S116,W11,0.811
S116,W12,0.820
S116,W13,0.850
S116,W14,0.843
S116,W15,0.870
S116,W16,0.858
S116,W17,0.874
S116,W18,0.829
S116,W19,0.822
S116,W20,0.829
S116,W21,0.877
S116,W22,0.858
S116,W23,0.824
S116,W24,0.833
S116,W25,0.902
S116,W26,0.884
S117,W01,0.886
S117,W02,0.885
S117,W03,0.826
S117,W04,0.848
S117,W05,0.868
S117,W06,0.903
S117,W07,0.889
S117,W08,0.845
S117,W09,0.836
S117,W10,0.891
S117,W11,0.837
S117,W12,0.829
S117,W13,0.892
S117,W14,0.876
S117,W15,0.845
S117,W16,0.829
S117,W17,0.823
S117,W18,0.888
S117,W19,0.886
S117,W20,0.859
S117,W21,0.905
S117,W22,0.853
S117,W23,0.900
S117,W24,0.909
S117,W25,0.829
S117,W26,0.866
S118,W01,0.908
S118,W02,0.886
S118,W03,0.841
S118,W04,0.889
S118,W05,0.842
S118,W06,0.816
S118,W07,0.888
S118,W08,0.880
S118,W09,0.843
S118,W10,0.817
S118,W11,0.862
S118,W12,0.868
S118,W13,0.873
S118,W14,0.819
S118,W15,0.875
S118,W16,0.826
S118,W17,0.834
S118,W18,0.882
S118,W19,0.893
S118,W20,0.846
S118,W21,0.839
S118,W22,0.839
S118,W23,0.813
S118,W24,0.856
S118,W25,0.890
S118,W26,0.884
S119,W01,0.812
S119,W02,0.856
S119,W03,0.875
S119,W04,0.878
S119,W05,0.908
S119,W06,0.886
S119,W07,0.891
S119,W08,0.829
S119,W09,0.869
S119,W10,0.908
S119,W11,0.841
S119,W12,0.848
S119,W13,0.867
S119,W14,0.890
S119,W15,0.871
S119,W16,0.867
S119,W17,0.817
S119,W18,0.861
S119,W19,0.838
S119,W20,0.829
S119,W21,0.904
S119,W22,0.817
S119,W23,0.877
S119,W24,0.872
S119,W25,0.856
S119,W26,0.814
S120,W01,0.891
S120,W02,0.822
S120,W03,0.829
S120,W04,0.867
S120,W05,0.910
S120,W06,0.862
S120,W07,0.900
S120,W08,0.874
S120,W09,0.902
S120,W10,0.890
S120,W11,0.876
S120,W12,0.861
S120,W13,0.910
S120,W14,0.872
S120,W15,0.829
S120,W16,0.836
S120,W17,0.817
S120,W18,0.852
S120,W19,0.836
S120,W20,0.813
S120,W21,0.901
S120,W22,0.855
S120,W23,0.907
S120,W24,0.848
S120,W25,0.864
S120,W26,0.874
S121,W01,0.903
S121,W02,0.977
S121,W03,0.889
S121,W04,0.929
S121,W05,0.969
S121,W06,0.971
S121,W07,0.944
S121,W08,0.926
S121,W09,0.925
S121,W10,0.911
S121,W11,0.882
S121,W12,0.905
S121,W13,0.962
S121,W14,0.939
S121,W15,0.902
S121,W16,0.929
S121,W17,0.927
S121,W18,0.895
S121,W19,0.965
S121,W20,0.949
S121,W21,0.972
S121,W22,0.924
S121,W23,0.962
S121,W24,0.967
S121,W25,0.950
S121,W26,0.957
S122,W01,0.886
S122,W02,0.961
S122,W03,0.947
S122,W04,0.921
S122,W05,0.924
S122,W06,0.909
S122,W07,0.970
S122,W08,0.907
S122,W09,0.960
S122,W10,0.961
S122,W11,0.901
S122,W12,0.979
S122,W13,0.884
S122,W14,0.894
S122,W15,0.906
S122,W16,0.974
S122,W17,0.920
S122,W18,0.942
S122,W19,0.884
S122,W20,0.941
S122,W21,0.949
S122,W22,0.883
S122,W23,0.910
S122,W24,0.886
S122,W25,0.944
S122,W26,0.914
S123,W01,0.918
S123,W02,0.968
S123,W03,0.961
S123,W04,0.951
S123,W05,0.946
S123,W06,0.903
S123,W07,0.923
S123,W08,0.930
S123,W09,0.903
S123,W10,0.888
S123,W11,0.903
S123,W12,0.896
S123,W13,0.938
S123,W14,0.976
S123,W15,0.909
S123,W16,0.948
S123,W17,0.887
S123,W18,0.900
S123,W19,0.919
S123,W20,0.935
S123,W21,0.918
S123,W22,0.936
S123,W23,0.942
S123,W24,0.888
S123,W25,0.975
S123,W26,0.956
S124,W01,0.974
S124,W02,0.937
S124,W03,0.897
S124,W04,0.957
S124,W05,0.934
S124,W06,0.975
S124,W07,0.929
S124,W08,0.909
S124,W09,0.952
S124,W10,0.892
S124,W11,0.914
S124,W12,0.973
S124,W13,0.933
S124,W14,0.972
S124,W15,0.934
S124,W16,0.971
S124,W17,0.881
S124,W18,0.933
S124,W19,0.943
S124,W20,0.943
S124,W21,0.894
S124,W22,0.908
S124,W23,0.911
S124,W24,0.939
S124,W25,0.968
S124,W26,0.961
S125,W01,0.895
S125,W02,0.934
S125,W03,0.900
S125,W04,0.969
S125,W05,0.905
S125,W06,0.963
S125,W07,0.931
S125,W08,0.932
S125,W09,0.948
S125,W10,0.957
S125,W11,0.899
S125,W12,0.949
S125,W13,0.903
S125,W14,0.910
S125,W15,0.937
S125,W16,0.895
S125,W17,0.887
S125,W18,0.975
S125,W19,0.976
S125,W20,0.969
S125,W21,0.905
S125,W22,0.895
S125,W23,0.886
S125,W24,0.898
S125,W25,0.906
S125,W26,0.891
S126,W01,0.930
S126,W02,0.926
S126,W03,0.901
S126,W04,0.968
S126,W05,0.929
S126,W06,0.896
S126,W07,0.961
S126,W08,0.943
S126,W09,0.926
S126,W10,0.975
S126,W11,0.922
S126,W12,0.938
S126,W13,0.947
S126,W14,0.951
S126,W15,0.951
S126,W16,0.888
S126,W17,0.941
S126,W18,0.954
S126,W19,0.915
S126,W20,0.979
S126,W21,0.970
S126,W22,0.944
S126,W23,0.905
S126,W24,0.925
S126,W25,0.912
S126,W26,0.892
S127,W01,0.969
S127,W02,0.929
S127,W03,0.969
S127,W04,0.978
S127,W05,0.890
S127,W06,0.956
S127,W07,0.897
S127,W08,0.925
S127,W09,0.910
S127,W10,0.939
S127,W11,0.928
S127,W12,0.949
S127,W13,0.889
S127,W14,0.937
S127,W15,0.897
S127,W16,0.891
S127,W17,0.911
S127,W18,0.882
S127,W19,0.894
S127,W20,0.942
S127,W21,0.940
S127,W22,0.968
S127,W23,0.902
S127,W24,0.951
S127,W25,0.884
S127,W26,0.957
S128,W01,0.942
S128,W02,0.948
S128,W03,0.907
S128,W04,0.911
S128,W05,0.925
S128,W06,0.966
S128,W07,0.962
S128,W08,0.897
S128,W09,0.921
S128,W10,0.927
S128,W11,0.957
S128,W12,0.901
S128,W13,0.912
S128,W14,0.894
S128,W15,0.944
S128,W16,0.882
S128,W17,0.928
S128,W18,0.923
S128,W19,0.974
S128,W20,0.964
S128,W21,0.902
S128,W22,0.965
S128,W23,0.963
S128,W24,0.910
S128,W25,0.919
S128,W26,0.927
S129,W01,0.893
S129,W02,0.959
S129,W03,0.920
S129,W04,0.882
S129,W05,0.898
S129,W06,0.963
S129,W07,0.946
S129,W08,0.965
S129,W09,0.955
S129,W10,0.919
S129,W11,0.906
S129,W12,0.946
S129,W13,0.892
S129,W14,0.902
S129,W15,0.909
S129,W16,0.921
S129,W17,0.904
S129,W18,0.917
S129,W19,0.971
S129,W20,0.910
S129,W21,0.902
S129,W22,0.900
S129,W23,0.887
S129,W24,0.959
S129,W25,0.958
S129,W26,0.940
S130,W01,0.972
S130,W02,0.904
S130,W03,0.973
S130,W04,0.909
S130,W05,0.915
S130,W06,0.931
S130,W07,0.941
S130,W08,0.929
S130,W09,0.895
S130,W10,0.891
S130,W11,0.921
S130,W12,0.897
S130,W13,0.938
S130,W14,0.962
S130,W15,0.931
S130,W16,0.956
S130,W17,0.957
S130,W18,0.938
S130,W19,0.907
S130,W20,0.959
S130,W21,0.928
S130,W22,0.911
S130,W23,0.940
S130,W24,0.939
S130,W25,0.926
S130,W26,0.900
S131,W01,0.916
S131,W02,0.939
S131,W03,0.969
S131,W04,0.911
S131,W05,0.894
S131,W06,0.896
S131,W07,0.882
S131,W08,0.961
S131,W09,0.967
S131,W10,0.905
S131,W11,0.965
S131,W12,0.952
S131,W13,0.968
S131,W14,0.952
S131,W15,0.942
S131,W16,0.964
S131,W17,0.948
S131,W18,0.914
S131,W19,0.976
S131,W20,0.905
S131,W21,0.979
S131,W22,0.915
S131,W23,0.890
S131,W24,0.971
S131,W25,0.918
S131,W26,0.915
S132,W01,0.958
S132,W02,0.920
S132,W03,0.904
S132,W04,0.926
S132,W05,0.904
S132,W06,0.946
S132,W07,0.926
S132,W08,0.919
S132,W09,0.952
S132,W10,0.924
S132,W11,0.899
S132,W12,0.973
S132,W13,0.910
S132,W14,0.938
S132,W15,0.897
S132,W16,0.931
S132,W17,0.923
S132,W18,0.979
S132,W19,0.916
S132,W20,0.899
S132,W21,0.970
S132,W22,0.954
S132,W23,0.902
S132,W24,0.958
S132,W25,0.962
S132,W26,0.933
S133,W01,0.904
S133,W02,0.900
S133,W03,0.940
S133,W04,0.907
S133,W05,0.948
S133,W06,0.883
S133,W07,0.881
S133,W08,0.919
S133,W09,0.917
S133,W10,0.950
S133,W11,0.884
S133,W12,0.914
S133,W13,0.939
S133,W14,0.882
S133,W15,0.915
S133,W16,0.949
S133,W17,0.907
S133,W18,0.934
S133,W19,0.944
S133,W20,0.948
S133,W21,0.967
S133,W22,0.961
S133,W23,0.955
S133,W24,0.891
S133,W25,0.972
S133,W26,0.971
S134,W01,0.927
S134,W02,0.894
S134,W03,0.894
S134,W04,0.888
S134,W05,0.976
S134,W06,0.907
S134,W07,0.896
S134,W08,0.951
S134,W09,0.925
S134,W10,0.918
S134,W11,0.915
S134,W12,0.949
S134,W13,0.894
S134,W14,0.970
S134,W15,0.904
S134,W16,0.948
S134,W17,0.916
S134,W18,0.922
S134,W19,0.940
S134,W20,0.968
S134,W21,0.936
S134,W22,0.884
S134,W23,0.907
S134,W24,0.896
S134,W25,0.888
S134,W26,0.896
S135,W01,0.897
S135,W02,0.884
S135,W03,0.968
S135,W04,0.952
S135,W05,0.951
S135,W06,0.947
S135,W07,0.908
S135,W08,0.973
S135,W09,0.932
S135,W10,0.885
S135,W11,0.885
S135,W12,0.947
S135,W13,0.917
S135,W14,0.953
S135,W15,0.976
S135,W16,0.940
S135,W17,0.897
S135,W18,0.904
S135,W19,0.882
S135,W20,0.973
S135,W21,0.888
S135,W22,0.929
S135,W23,0.893
S135,W24,0.929
S135,W25,0.917
S135,W26,0.941
S136,W01,0.929
S136,W02,0.946
S136,W03,0.930
S136,W04,0.949
S136,W05,0.904
S136,W06,0.949
S136,W07,0.922
S136,W08,0.957
S136,W09,0.943
S136,W10,0.909
S136,W11,0.884
S136,W12,0.969
S136,W13,0.944
S136,W14,0.943
S136,W15,0.915
S136,W16,0.944
S136,W17,0.927
S136,W18,0.944
S136,W19,0.950
S136,W20,0.911
S136,W21,0.955
S136,W22,0.970
S136,W23,0.928
S136,W24,0.943
S136,W25,0.893
S136,W26,0.931
S137,W01,0.905
S137,W02,0.955
S137,W03,0.937
S137,W04,0.928
S137,W05,0.910
S137,W06,0.931
S137,W07,0.940
S137,W08,0.943
S137,W09,0.882
S137,W10,0.902
S137,W11,0.893
S137,W12,0.896
S137,W13,0.969
S137,W14,0.933
S137,W15,0.909
S137,W16,0.957
S137,W17,0.906
S137,W18,0.887
S137,W19,0.964
S137,W20,0.922
S137,W21,0.963
S137,W22,0.927
S137,W23,0.887
S137,W24,0.907
S137,W25,0.885
S137,W26,0.962
S138,W01,0.909
S138,W02,0.907
S138,W03,0.921
S138,W04,0.887
S138,W05,0.926
S138,W06,0.884
S138,W07,0.929
S138,W08,0.903
S138,W09,0.904
S138,W10,0.922
S138,W11,0.886
S138,W12,0.924
S138,W13,0.946
S138,W14,0.972
S138,W15,0.962
S138,W16,0.956
S138,W17,0.960
S138,W18,0.946
S138,W19,0.977
S138,W20,0.974
S138,W21,0.956
S138,W22,0.892
S138,W23,0.946
S138,W24,0.923
S138,W25,0.920
S138,W26,0.977
S139,W01,0.902
S139,W02,0.905
S139,W03,0.889
S139,W04,0.907
S139,W05,0.885
S139,W06,0.931
S139,W07,0.899
S139,W08,0.949
S139,W09,0.945
S139,W10,0.901
S139,W11,0.934
S139,W12,0.938
S139,W13,0.888
S139,W14,0.973
S139,W15,0.933
S139,W16,0.978
S139,W17,0.960
S139,W18,0.886
S139,W19,0.976
S139,W20,0.913
S139,W21,0.957
S139,W22,0.930
S139,W23,0.963
S139,W24,0.923
S139,W25,0.883
S139,W26,0.942
S140,W01,0.910
S140,W02,0.962
S140,W03,0.961
S140,W04,0.884
S140,W05,0.909
S140,W06,0.927
S140,W07,0.940
S140,W08,0.917
S140,W09,0.932
S140,W10,0.971
S140,W11,0.953
S140,W12,0.944
S140,W13,0.925
S140,W14,0.914
S140,W15,0.927
S140,W16,0.894
S140,W17,0.931
S140,W18,0.917
S140,W19,0.901
S140,W20,0.929
S140,W21,0.958
S140,W22,0.905
S140,W23,0.968
S140,W24,0.900
S140,W25,0.915
S140,W26,0.954
S141,W01,0.893
S141,W02,0.958
S141,W03,0.962
S141,W04,0.977
S141,W05,0.893
S141,W06,0.914
S141,W07,0.940
S141,W08,0.882
S141,W09,0.944
S141,W10,0.883
S141,W11,0.896
S141,W12,0.938
S141,W13,0.893
S141,W14,0.917
S141,W15,0.926
S141,W16,0.932
S141,W17,0.908
S141,W18,0.931
S141,W19,0.896
S141,W20,0.923
S141,W21,0.969
S141,W22,0.899
S141,W23,0.888
S141,W24,0.979
S141,W25,0.915
S141,W26,0.955
S142,W01,0.910
S142,W02,0.919
S142,W03,0.958
S142,W04,0.953
S142,W05,0.917
S142,W06,0.973
S142,W07,0.918
S142,W08,0.974
S142,W09,0.956
S142,W10,0.892
S142,W11,0.932
S142,W12,0.923
S142,W13,0.964
S142,W14,0.932
S142,W15,0.938
S142,W16,0.959
S142,W17,0.897
S142,W18,0.927
S142,W19,0.955
S142,W20,0.958
S142,W21,0.952
S142,W22,0.968
S142,W23,0.974
S142,W24,0.910
S142,W25,0.948
S142,W26,0.923
S143,W01,0.908
S143,W02,0.884
S143,W03,0.896
S143,W04,0.946
S143,W05,0.969
S143,W06,0.945
S143,W07,0.905
S143,W08,0.952
S143,W09,0.949
S143,W10,0.946
S143,W11,0.973
S143,W12,0.934
S143,W13,0.890
S143,W14,0.975
S143,W15,0.976
S143,W16,0.978
S143,W17,0.976
S143,W18,0.947
S143,W19,0.973
S143,W20,0.959
S143,W21,0.930
S143,W22,0.932
S143,W23,0.938
S143,W24,0.954
S143,W25,0.928
S143,W26,0.977
S144,W01,0.924
S144,W02,0.962
S144,W03,0.922
S144,W04,0.883
S144,W05,0.916
S144,W06,0.897
S144,W07,0.980
S144,W08,0.890
S144,W09,0.884
S144,W10,0.939
S144,W11,0.976
S144,W12,0.910
S144,W13,0.912
S144,W14,0.902
S144,W15,0.942
S144,W16,0.961
S144,W17,0.965
S144,W18,0.928
S144,W19,0.966
S144,W20,0.969
S144,W21,0.966
S144,W22,0.896
S144,W23,0.955
S144,W24,0.904
S144,W25,0.930
S144,W26,0.889
S145,W01,0.957
S145,W02,0.882
S145,W03,0.930
S145,W04,0.918
S145,W05,0.923
S145,W06,0.942
S145,W07,0.926
S145,W08,0.920
S145,W09,0.924
S145,W10,0.971
S145,W11,0.956
S145,W12,0.971
S145,W13,0.914
S145,W14,0.977
S145,W15,0.979
S145,W16,0.925
S145,W17,0.907
S145,W18,0.960
S145,W19,0.912
S145,W20,0.971
S145,W21,0.974
S145,W22,0.891
S145,W23,0.920
S145,W24,0.897
S145,W25,0.948
S145,W26,0.977
S146,W01,0.975
S146,W02,0.886
S146,W03,0.936
S146,W04,0.944
S146,W05,0.940
S146,W06,0.961
S146,W07,0.971
S146,W08,0.897
S146,W09,0.975
S146,W10,0.913
S146,W11,0.908
S146,W12,0.890
S146,W13,0.892
S146,W14,0.897
S146,W15,0.947
S146,W16,0.964
S146,W17,0.922
S146,W18,0.923
S146,W19,0.927
S146,W20,0.890
S146,W21,0.898
S146,W22,0.942
S146,W23,0.940
S146,W24,0.927
S146,W25,0.975
S146,W26,0.953
S147,W01,0.951
S147,W02,0.959
S147,W03,0.930
S147,W04,0.966
S147,W05,0.979
S147,W06,0.906
S147,W07,0.903
S147,W08,0.928
S147,W09,0.914
S147,W10,0.922
S147,W11,0.916
S147,W12,0.963
S147,W13,0.944
S147,W14,0.895
S147,W15,0.923
S147,W16,0.944
S147,W17,0.899
S147,W18,0.893
S147,W19,0.953
S147,W20,0.887
S147,W21,0.919
S147,W22,0.908
S147,W23,0.918
S147,W24,0.957
S147,W25,0.931
S147,W26,0.958
S148,W01,0.938
S148,W02,0.894
S148,W03,0.900
S148,W04,0.911
S148,W05,0.940
S148,W06,0.971
S148,W07,0.894
S148,W08,0.906
S148,W09,0.937
S148,W10,0.976
S148,W11,0.909
S148,W12,0.952
S148,W13,0.980
S148,W14,0.945
S148,W15,0.964
S148,W16,0.953
S148,W17,0.979
S148,W18,0.883
S148,W19,0.951
S148,W20,0.896
S148,W21,0.965
S148,W22,0.918
S148,W23,0.886
S148,W24,0.964
S148,W25,0.928
S148,W26,0.967
S149,W01,0.966
S149,W02,0.927
S149,W03,0.943
S149,W04,0.901
S149,W05,0.886
S149,W06,0.888
S149,W07,0.918
S149,W08,0.913
S149,W09,0.976
S149,W10,0.950
S149,W11,0.944
S149,W12,0.905
S149,W13,0.894
S149,W14,0.935
S149,W15,0.923
S149,W16,0.894
S149,W17,0.935
S149,W18,0.960
S149,W19,0.917
S149,W20,0.886
S149,W21,0.909
S149,W22,0.928
S149,W23,0.903
S149,W24,0.928
S149,W25,0.934
S149,W26,0.900
S150,W01,0.927
S150,W02,0.889
S150,W03,0.903
S150,W04,0.961
S150,W05,0.907
S150,W06,0.971
S150,W07,0.958
S150,W08,0.896
S150,W09,0.946
S150,W10,0.930
S150,W11,0.883
S150,W12,0.896
S150,W13,0.895
S150,W14,0.971
S150,W15,0.955
S150,W16,0.884
S150,W17,0.880
S150,W18,0.947
S150,W19,0.943
S150,W20,0.915
S150,W21,0.881
S150,W22,0.921
S150,W23,0.905
S150,W24,0.907
S150,W25,0.898
S150,W26,0.906
S151,W01,0.944
S151,W02,0.898
S151,W03,0.933
S151,W04,0.887
S151,W05,0.965
S151,W06,0.886
S151,W07,0.903
S151,W08,0.924
S151,W09,0.920
S151,W10,0.934
S151,W11,0.975
S151,W12,0.882
S151,W13,0.911
S151,W14,0.973
S151,W15,0.928
S151,W16,0.965
S151,W17,0.932
S151,W18,0.945
S151,W19,0.898
S151,W20,0.976
S151,W21,0.979
S151,W22,0.969
S151,W23,0.962
S151,W24,0.971
S151,W25,0.926
S151,W26,0.962
S152,W01,0.952
S152,W02,0.897
S152,W03,0.961
S152,W04,0.965
S152,W05,0.929
S152,W06,0.960
S152,W07,0.908
S152,W08,0.933
S152,W09,0.886
S152,W10,0.963
S152,W11,0.951
S152,W12,0.968
S152,W13,0.956
S152,W14,0.954
S152,W15,0.906
S152,W16,0.924
S152,W17,0.898
S152,W18,0.910
S152,W19,0.942
S152,W20,0.978
S152,W21,0.969
S152,W22,0.928
S152,W23,0.901
S152,W24,0.933
S152,W25,0.919
S152,W26,0.919
S153,W01,0.929
S153,W02,0.938
S153,W03,0.895
S153,W04,0.945
S153,W05,0.927
S153,W06,0.945
S153,W07,0.938
S153,W08,0.887
S153,W09,0.971
S153,W10,0.898
S153,W11,0.891
S153,W12,0.908
S153,W13,0.959
S153,W14,0.928
S153,W15,0.943
S153,W16,0.916
S153,W17,0.904
S153,W18,0.978
S153,W19,0.967
S153,W20,0.951
S153,W21,0.959
S153,W22,0.954
S153,W23,0.944
S153,W24,0.949
S153,W25,0.956
S153,W26,0.919
S154,W01,0.968
S154,W02,0.912
S154,W03,0.946
S154,W04,0.925
S154,W05,0.917
S154,W06,0.975
S154,W07,0.904
S154,W08,0.953
S154,W09,0.889
S154,W10,0.976
S154,W11,0.903
S154,W12,0.965
S154,W13,0.942
S154,W14,0.955
S154,W15,0.961
S154,W16,0.930
S154,W17,0.942
S154,W18,0.894
S154,W19,0.942
S154,W20,0.913
S154,W21,0.909
S154,W22,0.913
S154,W23,0.976
S154,W24,0.923
S154,W25,0.940
S154,W26,0.905
S155,W01,0.882
S155,W02,0.928
S155,W03,0.882
S155,W04,0.971
S155,W05,0.923
S155,W06,0.882
S155,W07,0.891
S155,W08,0.883
S155,W09,0.929
S155,W10,0.888
S155,W11,0.920
S155,W12,0.929
S155,W13,0.940
S155,W14,0.937
S155,W15,0.907
S155,W16,0.945
S155,W17,0.930
S155,W18,0.919
S155,W19,0.883
S155,W20,0.966
S155,W21,0.896
S155,W22,0.930
S155,W23,0.918
S155,W24,0.930
S155,W25,0.914
S155,W26,0.923
S156,W01,0.902
S156,W02,0.922
S156,W03,0.934
S156,W04,0.882
S156,W05,0.893
S156,W06,0.973
S156,W07,0.954
S156,W08,0.915
S156,W09,0.972
S156,W10,0.906
S156,W11,0.908
S156,W12,0.897
S156,W13,0.929
S156,W14,0.919
S156,W15,0.921
S156,W16,0.961
S156,W17,0.910
S156,W18,0.920
S156,W19,0.883
S156,W20,0.927
S156,W21,0.964
S156,W22,0.915
S156,W23,0.971
S156,W24,0.970
S156,W25,0.908
S156,W26,0.885
S157,W01,0.920
S157,W02,0.904
S157,W03,0.895
S157,W04,0.892
S157,W05,0.891
S157,W06,0.925
S157,W07,0.919
S157,W08,0.884
S157,W09,0.941
S157,W10,0.967
S157,W11,0.961
S157,W12,0.968
S157,W13,0.947
S157,W14,0.889
S157,W15,0.883
S157,W16,0.949
S157,W17,0.909
S157,W18,0.922
S157,W19,0.895
S157,W20,0.945
S157,W21,0.930
S157,W22,0.973
S157,W23,0.936
S157,W24,0.951
S157,W25,0.881
S157,W26,0.967
S158,W01,0.955
S158,W02,0.888
S158,W03,0.935
S158,W04,0.888
S158,W05,0.975
S158,W06,0.881
S158,W07,0.894
S158,W08,0.942
S158,W09,0.977
S158,W10,0.912
S158,W11,0.925
S158,W12,0.917
S158,W13,0.972
S158,W14,0.889
S158,W15,0.885
S158,W16,0.957
S158,W17,0.943
S158,W18,0.922
S158,W19,0.889
S158,W20,0.909
S158,W21,0.906
S158,W22,0.966
S158,W23,0.925
S158,W24,0.928
S158,W25,0.894
S158,W26,0.916
S159,W01,0.962
S159,W02,0.966
S159,W03,0.938
S159,W04,0.902
S159,W05,0.966
S159,W06,0.940
S159,W07,0.929
S159,W08,0.939
S159,W09,0.958
S159,W10,0.970
S159,W11,0.893
S159,W12,0.980
S159,W13,0.921
S159,W14,0.941
S159,W15,0.896
S159,W16,0.978
S159,W17,0.950
S159,W18,0.973
S159,W19,0.933
S159,W20,0.956
S159,W21,0.954
S159,W22,0.906
S159,W23,0.886
S159,W24,0.943
S159,W25,0.971
S159,W26,0.928
S160,W01,0.910
S160,W02,0.968
S160,W03,0.940
S160,W04,0.948
S160,W05,0.952
S160,W06,0.980
S160,W07,0.944
S160,W08,0.934
S160,W09,0.962
S160,W10,0.938
S160,W11,0.899
S160,W12,0.908
S160,W13,0.965
S160,W14,0.885
S160,W15,0.956
S160,W16,0.893
S160,W17,0.896
S160,W18,0.957
S160,W19,0.937
S160,W20,0.952
S160,W21,0.890
S160,W22,0.955
S160,W23,0.953
S160,W24,0.946
S160,W25,0.913
S160,W26,0.904
S161,W01,0.886
S161,W02,0.936
S161,W03,0.926
S161,W04,0.925
S161,W05,0.969
S161,W06,0.907
S161,W07,0.949
S161,W08,0.941
S161,W09,0.943
S161,W10,0.959
S161,W11,0.975
S161,W12,0.908
S161,W13,0.884
S161,W14,0.920
S161,W15,0.907
S161,W16,0.940
S161,W17,0.951
S161,W18,0.919
S161,W19,0.915
S161,W20,0.944
S161,W21,0.921
S161,W22,0.909
S161,W23,0.905
S161,W24,0.929
S161,W25,0.900
S161,W26,0.958
S162,W01,0.972
S162,W02,0.960
S162,W03,0.966
S162,W04,0.931
S162,W05,0.958
S162,W06,0.911
S162,W07,0.908
S162,W08,0.965
S162,W09,0.958
S162,W10,0.921
S162,W11,0.903
S162,W12,0.953
S162,W13,0.892
S162,W14,0.915
S162,W15,0.899
S162,W16,0.963
S162,W17,0.940
S162,W18,0.898
S162,W19,0.887
S162,W20,0.901
S162,W21,0.915
S162,W22,0.919
S162,W23,0.927
S162,W24,0.953
S162,W25,0.882
S162,W26,0.967
S163,W01,0.914
S163,W02,0.904
S163,W03,0.898
S163,W04,0.926
S163,W05,0.910
S163,W06,0.883
S163,W07,0.925
S163,W08,0.959
S163,W09,0.969
S163,W10,0.951
S163,W11,0.965
S163,W12,0.885
S163,W13,0.901
S163,W14,0.971
S163,W15,0.933
S163,W16,0.925
S163,W17,0.901
S163,W18,0.958
S163,W19,0.897
S163,W20,0.973
S163,W21,0.949
S163,W22,0.922
S163,W23,0.925
S163,W24,0.945
S163,W25,0.899
S163,W26,0.977
S164,W01,0.970
S164,W02,0.933
S164,W03,0.977
S164,W04,0.932
S164,W05,0.907
S164,W06,0.922
S164,W07,0.902
S164,W08,0.908
S164,W09,0.941
S164,W10,0.900
S164,W11,0.962
S164,W12,0.950
S164,W13,0.910
S164,W14,0.894
S164,W15,0.894
S164,W16,0.922
S164,W17,0.922
S164,W18,0.925
S164,W19,0.908
S164,W20,0.904
S164,W21,0.975
S164,W22,0.900
S164,W23,0.918
S164,W24,0.899
S164,W25,0.900
S164,W26,0.957
S165,W01,0.894
S165,W02,0.895
S165,W03,0.907
S165,W04,0.881
S165,W05,0.954
S165,W06,0.917
S165,W07,0.924
S165,W08,0.892
S165,W09,0.960
S165,W10,0.911
S165,W11,0.953
S165,W12,0.893
S165,W13,0.889
S165,W14,0.883
S165,W15,0.954
S165,W16,0.892
S165,W17,0.887
S165,W18,0.906
S165,W19,0.911
S165,W20,0.937
S165,W21,0.965
S165,W22,0.902
S165,W23,0.927
S165,W24,0.957
S165,W25,0.883
S165,W26,0.885
S166,W01,0.886
S166,W02,0.968
S166,W03,0.901
S166,W04,0.945
S166,W05,0.950
S166,W06,0.901
S166,W07,0.901
S166,W08,0.957
S166,W09,0.977
S166,W10,0.887
S166,W11,0.939
S166,W12,0.940
S166,W13,0.965
S166,W14,0.964
S166,W15,0.892
S166,W16,0.977
S166,W17,0.941
S166,W18,0.923
S166,W19,0.947
S166,W20,0.949
S166,W21,0.918
S166,W22,0.902
S166,W23,0.952
S166,W24,0.957
S166,W25,0.903
S166,W26,0.958
S167,W01,0.895
S167,W02,0.974
S167,W03,0.912
S167,W04,0.964
S167,W05,0.920
S167,W06,0.925
S167,W07,0.948
S167,W08,0.906
S167,W09,0.961
S167,W10,0.907
S167,W11,0.912
S167,W12,0.969
S167,W13,0.960
S167,W14,0.959
S167,W15,0.927
S167,W16,0.969
S167,W17,0.969
S167,W18,0.954
S167,W19,0.951
S167,W20,0.972
S167,W21,0.947
S167,W22,0.939
S167,W23,0.902
S167,W24,0.920
S167,W25,0.897
S167,W26,0.955
S168,W01,0.954
S168,W02,0.918
S168,W03,0.891
S168,W04,0.940
S168,W05,0.899
S168,W06,0.910
S168,W07,0.952
S168,W08,0.974
S168,W09,0.919
S168,W10,0.910
S168,W11,0.936
S168,W12,0.966
S168,W13,0.909
S168,W14,0.884
S168,W15,0.902
S168,W16,0.899
S168,W17,0.958
S168,W18,0.924
S168,W19,0.962
S168,W20,0.888
S168,W21,0.931
S168,W22,0.887
S168,W23,0.892
S168,W24,0.898
S168,W25,0.885
S168,W26,0.901
S169,W01,0.930
S169,W02,0.930
S169,W03,0.930
S169,W04,0.927
S169,W05,0.945
S169,W06,0.885
S169,W07,0.976
S169,W08,0.976
S169,W09,0.935
S169,W10,0.955
S169,W11,0.943
S169,W12,0.911
S169,W13,0.932
S169,W14,0.921
S169,W15,0.947
S169,W16,0.962
S169,W17,0.928
S169,W18,0.924
S169,W19,0.893
S169,W20,0.952
S169,W21,0.964
S169,W22,0.964
S169,W23,0.959
S169,W24,0.976
S169,W25,0.909
S169,W26,0.903
S170,W01,0.929
S170,W02,0.974
S170,W03,0.903
S170,W04,0.969
S170,W05,0.969
S170,W06,0.944
S170,W07,0.933
S170,W08,0.886
S170,W09,0.954
S170,W10,0.979
S170,W11,0.893
S170,W12,0.896
S170,W13,0.901
S170,W14,0.897
S170,W15,0.910
S170,W16,0.932
S170,W17,0.907
S170,W18,0.929
S170,W19,0.890
S170,W20,0.930
S170,W21,0.887
S170,W22,0.970
S170,W23,0.974
S170,W24,0.938
S170,W25,0.964
S170,W26,0.944
S171,W01,0.992
S171,W02,0.987
S171,W03,0.959
S171,W04,1.000
S171,W05,1.000
S171,W06,0.988
S171,W07,0.954
S171,W08,0.957
S171,W09,0.988
S171,W10,1.000
S171,W11,0.940
S171,W12,1.000
S171,W13,0.944
S171,W14,1.000
S171,W15,0.960
S171,W16,0.954
S171,W17,0.987
S171,W18,1.000
S171,W19,0.928
S171,W20,1.000
S171,W21,0.937
S171,W22,0.959
S171,W23,0.937
S171,W24,0.938
S171,W25,0.953
S171,W26,1.000
S172,W01,0.937
S172,W02,0.963
S172,W03,0.999
S172,W04,0.964
S172,W05,1.000
S172,W06,0.941
S172,W07,0.963
S172,W08,0.982
S172,W09,0.943
S172,W10,0.973
S172,W11,0.991
S172,W12,0.934
S172,W13,1.000
S172,W14,0.943
S172,W15,0.956
S172,W16,0.948
S172,W17,0.971
S172,W18,0.921
S172,W19,0.995
S172,W20,0.970
S172,W21,0.961
S172,W22,1.000
S172,W23,0.978
S172,W24,0.976
S172,W25,0.931
S172,W26,1.000
S173,W01,0.998
S173,W02,1.000
S173,W03,0.963
S173,W04,1.000
S173,W05,0.979
S173,W06,0.949
S173,W07,0.988
S173,W08,0.952
S173,W09,0.948
S173,W10,0.995
S173,W11,1.000
S173,W12,0.943
S173,W13,0.958
S173,W14,0.958
S173,W15,1.000
S173,W16,0.931
S173,W17,0.969
S173,W18,0.963
S173,W19,1.000
S173,W20,0.995
S173,W21,0.941
S173,W22,0.937
S173,W23,0.988
S173,W24,0.984
S173,W25,1.000
S173,W26,1.000
S174,W01,0.978
S174,W02,0.933
S174,W03,0.938
S174,W04,0.931
S174,W05,0.991
S174,W06,0.974
S174,W07,0.939
S174,W08,1.000
S174,W09,0.978
S174,W10,1.000
S174,W11,0.967
S174,W12,0.937
S174,W13,0.987
S174,W14,0.983
S174,W15,0.996
S174,W16,0.984
S174,W17,0.960
S174,W18,1.000
S174,W19,0.935
S174,W20,0.925
S174,W21,1.000
S174,W22,0.944
S174,W23,0.940
S174,W24,0.943
S174,W25,0.923
S174,W26,0.999
S175,W01,0.997
S175,W02,1.000
S175,W03,0.952
S175,W04,1.000
S175,W05,1.000
S175,W06,0.926
S175,W07,0.997
S175,W08,0.986
S175,W09,0.976
S175,W10,1.000
S175,W11,0.941
S175,W12,1.000
S175,W13,0.956
S175,W14,0.942
S175,W15,0.937
S175,W16,1.000
S175,W17,0.986
S175,W18,0.989
S175,W19,0.932
S175,W20,1.000
S175,W21,0.924
S175,W22,0.997
S175,W23,0.985
S175,W24,0.961
S175,W25,0.990
S175,W26,0.963
S176,W01,1.000
S176,W02,0.943
S176,W03,0.985
S176,W04,0.970
S176,W05,0.936
S176,W06,0.948
S176,W07,0.992
S176,W08,0.986
S176,W09,0.987
S176,W10,1.000
S176,W11,0.990
S176,W12,0.961
S176,W13,1.000
S176,W14,0.924
S176,W15,0.984
S176,W16,1.000
S176,W17,1.000
S176,W18,0.985
S176,W19,0.949
S176,W20,0.993
S176,W21,0.929
S176,W22,1.000
S176,W23,0.972
S176,W24,0.930
S176,W25,0.989
S176,W26,0.948
S177,W01,0.964
S177,W02,0.945
S177,W03,0.983
S177,W04,0.989
S177,W05,0.925
S177,W06,0.922
S177,W07,0.929
S177,W08,0.924
S177,W09,0.952
S177,W10,0.928
S177,W11,0.985
S177,W12,0.980
S177,W13,0.976
S177,W14,0.996
S177,W15,0.936
S177,W16,0.997
S177,W17,0.976
S177,W18,0.990
S177,W19,0.977
S177,W20,0.989
S177,W21,0.942
S177,W22,0.964
S177,W23,0.944
S177,W24,0.953
S177,W25,1.000
S177,W26,0.955
S178,W01,1.000
S178,W02,1.000
S178,W03,0.978
S178,W04,0.983
S178,W05,0.939
S178,W06,0.993
S178,W07,1.000
S178,W08,0.942
S178,W09,0.938
S178,W10,0.950
S178,W11,0.921
S178,W12,1.000
S178,W13,0.960
S178,W14,0.959
S178,W15,0.991
S178,W16,0.998
S178,W17,0.965
S178,W18,0.932
S178,W19,1.000
S178,W20,0.924
S178,W21,0.921
S178,W22,0.927
S178,W23,0.950
S178,W24,0.987
S178,W25,0.923
S178,W26,0.968
S179,W01,0.999
S179,W02,0.972
S179,W03,0.964
S179,W04,1.000
S179,W05,0.961
S179,W06,0.923
S179,W07,0.944
S179,W08,1.000
S179,W09,0.982
S179,W10,0.935
S179,W11,1.000
S179,W12,0.993
S179,W13,1.000
S179,W14,0.956
S179,W15,0.927
S179,W16,0.999
S179,W17,0.942
S179,W18,0.949
S179,W19,0.951
S179,W20,1.000
S179,W21,0.973
S179,W22,0.998
S179,W23,1.000
S179,W24,0.942
S179,W25,0.961
S179,W26,0.925
S180,W01,0.983
S180,W02,0.926
S180,W03,1.000
S180,W04,1.000
S180,W05,0.978
S180,W06,1.000
S180,W07,0.929
S180,W08,0.957
S180,W09,1.000
S180,W10,0.952
S180,W11,0.973
S180,W12,0.920
S180,W13,0.982
S180,W14,0.958
S180,W15,1.000
S180,W16,1.000
S180,W17,1.000
S180,W18,0.997
S180,W19,0.951
S180,W20,1.000
S180,W21,0.991
S180,W22,0.937
S180,W23,0.989
S180,W24,0.970
S180,W25,0.933
S180,W26,0.943
S181,W01,0.961
S181,W02,1.000
S181,W03,0.937
S181,W04,0.939
S181,W05,1.000
S181,W06,0.931
S181,W07,0.943
S181,W08,1.000
S181,W09,0.979
S181,W10,0.994
S181,W11,0.929
S181,W12,0.945
S181,W13,0.987
S181,W14,0.955
S181,W15,0.950
S181,W16,0.958
S181,W17,0.922
S181,W18,1.000
S181,W19,1.000
S181,W20,0.939
S181,W21,1.000
S181,W22,0.978
S181,W23,0.937
S181,W24,0.988
S181,W25,0.996
S181,W26,0.947
S182,W01,0.972
S182,W02,0.953
S182,W03,0.941
S182,W04,0.982
S182,W05,0.994
S182,W06,1.000
S182,W07,0.965
S182,W08,0.965
S182,W09,0.989
S182,W10,0.945
S182,W11,0.968
S182,W12,0.970
S182,W13,0.988
S182,W14,0.981
S182,W15,1.000
S182,W16,0.971
S182,W17,0.981
S182,W18,0.992
S182,W19,0.977
S182,W20,0.943
S182,W21,0.977
S182,W22,0.923
S182,W23,0.974
S182,W24,0.923
S182,W25,0.925
S182,W26,1.000
S183,W01,0.963
S183,W02,0.966
S183,W03,1.000
S183,W04,0.996
S183,W05,0.981
S183,W06,0.998
S183,W07,0.991
S183,W08,0.979
S183,W09,0.941
S183,W10,0.967
S183,W11,0.921
S183,W12,1.000
S183,W13,0.994
S183,W14,1.000
S183,W15,0.972
S183,W16,1.000
S183,W17,0.965
S183,W18,0.946
S183,W19,1.000
S183,W20,1.000
S183,W21,0.921
S183,W22,0.948
S183,W23,0.922
S183,W24,0.921
S183,W25,0.924
S183,W26,0.984
S184,W01,0.970
S184,W02,0.959
S184,W03,0.954
S184,W04,0.978
S184,W05,0.985
S184,W06,1.000
S184,W07,0.961
S184,W08,1.000
S184,W09,0.994
S184,W10,1.000
S184,W11,0.986
S184,W12,1.000
S184,W13,0.987
S184,W14,0.962
S184,W15,0.994
S184,W16,0.927
S184,W17,0.971
S184,W18,0.988
S184,W19,1.000
S184,W20,1.000
S184,W21,0.984
S184,W22,0.976
S184,W23,0.996
S184,W24,1.000
S184,W25,0.992
S184,W26,0.950
S185,W01,0.976
S185,W02,1.000
S185,W03,1.000
S185,W04,0.988
S185,W05,1.000
S185,W06,0.962
S185,W07,0.982
S185,W08,0.977
S185,W09,0.995
S185,W10,0.947
S185,W11,0.979
S185,W12,0.985
S185,W13,0.939
S185,W14,0.981
S185,W15,1.000
S185,W16,0.964
S185,W17,1.000
S185,W18,0.926
S185,W19,0.997
S185,W20,0.982
S185,W21,0.973
S185,W22,0.951
S185,W23,0.945
S185,W24,0.923
S185,W25,0.954
S185,W26,1.000
S186,W01,1.000
S186,W02,0.967
S186,W03,1.000
S186,W04,1.000
S186,W05,0.993
S186,W06,0.964
S186,W07,0.948
S186,W08,0.985
S186,W09,1.000
S186,W10,0.980
S186,W11,0.934
S186,W12,0.926
S186,W13,0.933
S186,W14,0.955
S186,W15,0.937
S186,W16,0.924
S186,W17,0.956
S186,W18,1.000
S186,W19,1.000
S186,W20,0.972
S186,W21,0.970
S186,W22,1.000
S186,W23,0.964
S186,W24,0.956
S186,W25,0.942
S186,W26,0.953
S187,W01,0.993
S187,W02,0.980
S187,W03,0.954
S187,W04,0.950
S187,W05,0.925
S187,W06,0.954
S187,W07,0.927
S187,W08,0.934
S187,W09,0.940
S187,W10,1.000
S187,W11,0.998
S187,W12,0.930
S187,W13,0.938
S187,W14,1.000
S187,W15,1.000
S187,W16,1.000
S187,W17,0.969
S187,W18,0.939
S187,W19,0.950
S187,W20,0.994
S187,W21,0.985
S187,W22,0.962
S187,W23,0.973
S187,W24,0.950
S187,W25,0.949
S187,W26,0.939
S188,W01,1.000
S188,W02,0.939
S188,W03,1.000
S188,W04,0.954
S188,W05,0.952
S188,W06,0.965
S188,W07,0.981
S188,W08,0.933
S188,W09,1.000
S188,W10,0.961
S188,W11,0.948
S188,W12,0.952
S188,W13,0.967
S188,W14,0.984
S188,W15,0.941
S188,W16,0.980
S188,W17,1.000
S188,W18,0.948
S188,W19,0.971
S188,W20,1.000
S188,W21,0.991
S188,W22,1.000
S188,W23,0.936
S188,W24,0.951
S188,W25,0.987
S188,W26,1.000
S189,W01,0.932
S189,W02,0.942
S189,W03,0.975
S189,W04,0.972
S189,W05,0.950
S189,W06,0.986
S189,W07,0.950
S189,W08,0.988
S189,W09,0.927
S189,W10,0.947
S189,W11,0.962
S189,W12,0.921
S189,W13,0.989
S189,W14,1.000
S189,W15,0.977
S189,W16,0.948
S189,W17,0.936
S189,W18,0.950
S189,W19,0.989
S189,W20,0.962
S189,W21,0.962
S189,W22,0.975
S189,W23,1.000
S189,W24,0.964
S189,W25,0.962
S189,W26,0.998
S190,W01,0.966
S190,W02,0.981
S190,W03,1.000
S190,W04,0.980
S190,W05,1.000
S190,W06,0.939
S190,W07,0.972
S190,W08,0.960
S190,W09,0.979
S190,W10,0.962
S190,W11,0.992
S190,W12,1.000
S190,W13,0.947
S190,W14,0.953
S190,W15,0.975
S190,W16,0.936
S190,W17,1.000
S190,W18,0.992
S190,W19,0.994
S190,W20,0.982
S190,W21,1.000
S190,W22,0.985
S190,W23,0.968
S190,W24,0.924
S190,W25,0.927
S190,W26,0.993
S191,W01,0.940
S191,W02,1.000
S191,W03,0.973
S191,W04,1.000
S191,W05,1.000
S191,W06,0.968
S191,W07,0.989
S191,W08,0.981
S191,W09,0.924
S191,W10,0.921
S191,W11,0.983
S191,W12,0.985
S191,W13,0.996
S191,W14,0.921
S191,W15,0.921
S191,W16,0.980
S191,W17,0.993
S191,W18,0.981
S191,W19,0.948
S191,W20,0.934
S191,W21,0.991
S191,W22,0.976
S191,W23,0.963
S191,W24,0.935
S191,W25,1.000
S191,W26,1.000
S192,W01,0.945
S192,W02,0.941
S192,W03,0.922
S192,W04,0.996
S192,W05,1.000
S192,W06,0.993
S192,W07,0.964
S192,W08,0.999
S192,W09,0.925
S192,W10,0.984
S192,W11,1.000
S192,W12,1.000
S192,W13,1.000
S192,W14,1.000
S192,W15,0.996
S192,W16,0.983
S192,W17,1.000
S192,W18,0.923
S192,W19,0.929
S192,W20,1.000
S192,W21,1.000
S192,W22,0.958
S192,W23,0.962
S192,W24,0.951
S192,W25,0.939
S192,W26,0.973
S193,W01,0.966
S193,W02,0.956
S193,W03,0.987
S193,W04,0.931
S193,W05,1.000
S193,W06,0.943
S193,W07,0.966
S193,W08,0.966
S193,W09,0.924
S193,W10,1.000
S193,W11,0.977
S193,W12,0.959
S193,W13,0.925
S193,W14,0.958
S193,W15,0.930
S193,W16,1.000
S193,W17,1.000
S193,W18,0.964
S193,W19,0.934
S193,W20,0.974
S193,W21,1.000
S193,W22,0.965
S193,W23,0.960
S193,W24,1.000
S193,W25,0.965
S193,W26,0.944
S194,W01,0.998
S194,W02,0.940
S194,W03,0.976
S194,W04,0.966
S194,W05,0.922
S194,W06,0.927
S194,W07,0.969
S194,W08,0.924
S194,W09,0.959
S194,W10,1.000
S194,W11,0.924
S194,W12,1.000
S194,W13,0.976
S194,W14,1.000
S194,W15,1.000
S194,W16,0.986
S194,W17,0.986
S194,W18,1.000
S194,W19,1.000
S194,W20,0.999
S194,W21,0.973
S194,W22,0.997
S194,W23,1.000
S194,W24,0.989
S194,W25,1.000
S194,W26,1.000
S195,W01,1.000
S195,W02,1.000
S195,W03,0.935
S195,W04,1.000
S195,W05,0.923
S195,W06,1.000
S195,W07,0.981
S195,W08,0.924
S195,W09,0.944
S195,W10,1.000
S195,W11,0.940
S195,W12,0.931
S195,W13,0.938
S195,W14,0.984
S195,W15,1.000
S195,W16,0.932
S195,W17,1.000
S195,W18,0.960
S195,W19,0.936
S195,W20,0.955
S195,W21,0.961
S195,W22,1.000
S195,W23,0.975
S195,W24,0.991
S195,W25,0.978
S195,W26,0.989
S196,W01,0.947
S196,W02,0.984
S196,W03,1.000
S196,W04,0.991
S196,W05,0.926
S196,W06,0.923
S196,W07,0.999
S196,W08,1.000
S196,W09,0.971
S196,W10,0.936
S196,W11,0.934
S196,W12,0.947
S196,W13,1.000
S196,W14,0.994
S196,W15,0.976
S196,W16,0.975
S196,W17,0.926
S196,W18,1.000
S196,W19,0.938
S196,W20,1.000
S196,W21,1.000
S196,W22,0.968
S196,W23,1.000
S196,W24,0.997
S196,W25,1.000
S196,W26,1.000
S197,W01,0.993
S197,W02,0.935
S197,W03,0.957
S197,W04,1.000
S197,W05,1.000
S197,W06,0.939
S197,W07,0.940
S197,W08,0.984
S197,W09,0.964
S197,W10,0.973
S197,W11,1.000
S197,W12,0.998
S197,W13,1.000
S197,W14,1.000
S197,W15,0.954
S197,W16,1.000
S197,W17,0.958
S197,W18,1.000
S197,W19,0.924
S197,W20,1.000
S197,W21,0.926
S197,W22,0.921
S197,W23,1.000
S197,W24,1.000
S197,W25,0.965
S197,W26,0.974
S198,W01,0.976
S198,W02,0.991
S198,W03,1.000
S198,W04,0.995
S198,W05,0.990
S198,W06,1.000
S198,W07,0.943
S198,W08,0.945
S198,W09,1.000
S198,W10,1.000
S198,W11,0.987
S198,W12,0.933
S198,W13,0.979
S198,W14,0.935
S198,W15,0.975
S198,W16,0.927
S198,W17,0.934
S198,W18,0.941
S198,W19,0.935
S198,W20,0.945
S198,W21,0.995
S198,W22,0.943
S198,W23,0.921
S198,W24,1.000
S198,W25,1.000
S198,W26,0.999
S199,W01,0.985
S199,W02,0.941
S199,W03,0.941
S199,W04,0.994
S199,W05,0.974
S199,W06,0.933
S199,W07,0.977
S199,W08,0.957
S199,W09,0.940
S199,W10,0.995
S199,W11,0.959
S199,W12,0.940
S199,W13,0.994
S199,W14,0.947
S199,W15,1.000
S199,W16,0.922
S199,W17,0.934
S199,W18,0.974
S199,W19,0.942
S199,W20,0.923
S199,W21,0.990
S199,W22,0.972
S199,W23,0.970
S199,W24,0.979
S199,W25,0.978
S199,W26,0.952
S200,W01,0.989
S200,W02,0.973
S200,W03,0.936
S200,W04,0.958
S200,W05,1.000
S200,W06,0.992
S200,W07,0.937
S200,W08,0.991
S200,W09,0.950
S200,W10,0.994
S200,W11,0.982
S200,W12,0.945
S200,W13,0.927
S200,W14,0.936
S200,W15,1.000
S200,W16,0.983
S200,W17,0.958
S200,W18,0.968
S200,W19,0.959
S200,W20,0.991
S200,W21,0.948
S200,W22,0.931
S200,W23,0.999
S200,W24,0.966
S200,W25,1.000
S200,W26,0.987