student_id,week,risk_score
S1,W01,87.8
S1,W02,88.6
S1,W03,87.1
S1,W04,86.4
S1,W05,87.6
S1,W06,88.1
S1,W07,87
S1,W08,86.1
S1,W09,86
S1,W10,85.8
S1,W11,87.6
S1,W12,87.4
S1,W13,86.9
S1,W14,85.7
S1,W15,86.7
S1,W16,85.8
S1,W17,85.1
S1,W18,86.5
S1,W19,85.7
S1,W20,85.2
S1,W21,85.4
S1,W22,83.9
S1,W23,83.5
S1,W24,84.4
S1,W25,84.8
S1,W26,83.8
S2,W01,88.3
S2,W02,88.8
S2,W03,87.7
S2,W04,87.5
S2,W05,86.3
S2,W06,88.3
S2,W07,86.1
S2,W08,87.3
S2,W09,87.3
S2,W10,85.9
S2,W11,85.4
S2,W12,86
S2,W13,85.3
S2,W14,85.5
S2,W15,84.7
S2,W16,84.6
S2,W17,84.8
S2,W18,84.7
S2,W19,84.8
S2,W20,84.4
S2,W21,84.2
S2,W22,84.8
S2,W23,85.3
S2,W24,85
S2,W25,85
S2,W26,84.3
S3,W01,88.4
S3,W02,87.5
S3,W03,88.6
S3,W04,88.7
S3,W05,87.2
S3,W06,87.7
S3,W07,88.1
S3,W08,87.9
S3,W09,86.3
S3,W10,87.2
S3,W11,86.2
S3,W12,86.9
S3,W13,85.2
S3,W14,85.6
S3,W15,85.5
S3,W16,84.7
S3,W17,84.5
S3,W18,84.3
S3,W19,85.6
S3,W20,86
S3,W21,83.8
S3,W22,83.7
S3,W23,84.1
S3,W24,84.2
S3,W25,85
S3,W26,83.1
S4,W01,88.4
S4,W02,89
S4,W03,86.5
S4,W04,88.5
S4,W05,86.3
S4,W06,88.3
S4,W07,87.7
S4,W08,87.1
S4,W09,87.4
S4,W10,85.6
S4,W11,85.9
S4,W12,85.3
S4,W13,86.2
S4,W14,86.2
S4,W15,84.8
S4,W16,86.1
S4,W17,84.4
S4,W18,86.2
S4,W19,85.2
S4,W20,85.4
S4,W21,84.3
S4,W22,85.7
S4,W23,83.5
S4,W24,83.2
S4,W25,83.6
S4,W26,82.9
S5,W01,88.7
S5,W02,88.5
S5,W03,87.7
S5,W04,87.1
S5,W05,86.8
S5,W06,87.9
S5,W07,86.6
S5,W08,86.1
S5,W09,86.6
S5,W10,87.5
S5,W11,85.5
S5,W12,86.1
S5,W13,85.7
S5,W14,86.4
S5,W15,86.6
S5,W16,86.2
S5,W17,86.4
S5,W18,86.2
S5,W19,85
S5,W20,85.9
S5,W21,85
S5,W22,85.2
S5,W23,83.7
S5,W24,83.8
S5,W25,84.1
S5,W26,84.4
S6,W01,87.9
S6,W02,87.4
S6,W03,87
S6,W04,86.8
S6,W05,86.6
S6,W06,88.3
S6,W07,87.2
S6,W08,87.5
S6,W09,86.8
S6,W10,87.3
S6,W11,86.3
S6,W12,87.1
S6,W13,87
S6,W14,86.2
S6,W15,86
S6,W16,85.7
S6,W17,84.8
S6,W18,84.7
S6,W19,84
S6,W20,85.1
S6,W21,84.1
S6,W22,83.6
S6,W23,84.9
S6,W24,84.6
S6,W25,84.2
S6,W26,83.3
S7,W01,88.2
S7,W02,87.6
S7,W03,88.3
S7,W04,87.4
S7,W05,87.9
S7,W06,87.6
S7,W07,87.1
S7,W08,86.3
S7,W09,87.6
S7,W10,87.5
S7,W11,87.2
S7,W12,87.4
S7,W13,86.8
S7,W14,84.8
S7,W15,86.8
S7,W16,84.8
S7,W17,85.1
S7,W18,85.4
S7,W19,86.1
S7,W20,85.6
S7,W21,83.8
S7,W22,83.6
S7,W23,84
S7,W24,84.3
S7,W25,84.9
S7,W26,84.2
S8,W01,88.5
S8,W02,89
S8,W03,86.6
S8,W04,87.8
S8,W05,88.1
S8,W06,87.4
S8,W07,87
S8,W08,86.7
S8,W09,87.2
S8,W10,87.6
S8,W11,85.8
S8,W12,86.2
S8,W13,86.6
S8,W14,84.7
S8,W15,85.9
S8,W16,85.1
S8,W17,85.7
S8,W18,85.3
S8,W19,84.6
S8,W20,86.1
S8,W21,84.5
S8,W22,83.9
S8,W23,83.9
S8,W24,85.3
S8,W25,83.3
S8,W26,82.8
S9,W01,87.4
S9,W02,87.5
S9,W03,88.4
S9,W04,87.6
S9,W05,87.3
S9,W06,88
S9,W07,87.7
S9,W08,87.5
S9,W09,87.2
S9,W10,87.3
S9,W11,87.5
S9,W12,87.3
S9,W13,86.3
S9,W14,84.9
S9,W15,86.2
S9,W16,85.5
S9,W17,84.4
S9,W18,85.2
S9,W19,83.9
S9,W20,85
S9,W21,84.7
S9,W22,84.2
S9,W23,83.4
S9,W24,83.5
S9,W25,84.4
S9,W26,83.2
S10,W01,89.1
S10,W02,87.1
S10,W03,87.5
S10,W04,88
S10,W05,88.1
S10,W06,86.8
S10,W07,86.1
S10,W08,85.8
S10,W09,85.8
S10,W10,85.8
S10,W11,86.3
S10,W12,85.7
S10,W13,86.2
S10,W14,84.8
S10,W15,86.7
S10,W16,85.9
S10,W17,84.9
S10,W18,85.5
S10,W19,84.9
S10,W20,86.1
S10,W21,85.9
S10,W22,84.5
S10,W23,84.6
S10,W24,83.8
S10,W25,84.5
S10,W26,83.6
S11,W01,87.6
S11,W02,88.9
S11,W03,86.8
S11,W04,87.5
S11,W05,87.3
S11,W06,87.4
S11,W07,86.4
S11,W08,88
S11,W09,86.9
S11,W10,86.4
S11,W11,85.5
S11,W12,86.1
S11,W13,85.4
S11,W14,85.5
S11,W15,85.6
S11,W16,86.6
S11,W17,85.3
S11,W18,84.4
S11,W19,84.9
S11,W20,85.9
S11,W21,85.9
S11,W22,84.8
S11,W23,85.3
S11,W24,85.2
S11,W25,84.2
S11,W26,83.6
S12,W01,88.4
S12,W02,87.7
S12,W03,86.8
S12,W04,87.6
S12,W05,86.3
S12,W06,87.8
S12,W07,85.9
S12,W08,85.7
S12,W09,87.7
S12,W10,86.9
S12,W11,87.6
S12,W12,85.8
S12,W13,86.9
S12,W14,86
S12,W15,85.9
S12,W16,84.9
S12,W17,86.5
S12,W18,86.3
S12,W19,85.3
S12,W20,84.1
S12,W21,85.9
S12,W22,85
S12,W23,84.9
S12,W24,83.3
S12,W25,85
S12,W26,83.5
S13,W01,87.8
S13,W02,87.8
S13,W03,87.2
S13,W04,86.6
S13,W05,87.1
S13,W06,87.6
S13,W07,87.6
S13,W08,85.9
S13,W09,86.5
S13,W10,86.3
S13,W11,86.6
S13,W12,87.1
S13,W13,85.3
S13,W14,85.8
S13,W15,85
S13,W16,85.5
S13,W17,85.4
S13,W18,85.2
S13,W19,86.3
S13,W20,85.4
S13,W21,85.4
S13,W22,85.5
S13,W23,85
S13,W24,83.2
S13,W25,84.2
S13,W26,84.8
S14,W01,87.1
S14,W02,88.9
S14,W03,87.6
S14,W04,87
S14,W05,87.3
S14,W06,87.5
S14,W07,87.9
S14,W08,86.5
S14,W09,86.4
S14,W10,87.1
S14,W11,86.3
S14,W12,85.6
S14,W13,86.5
S14,W14,86.2
S14,W15,86
S14,W16,86.4
S14,W17,84.6
S14,W18,84.5
S14,W19,84
S14,W20,85.3
S14,W21,84.4
S14,W22,83.5
S14,W23,84.2
S14,W24,83.2
S14,W25,85
S14,W26,83.9
S15,W01,88.3
S15,W02,88.6
S15,W03,87.3
S15,W04,88.1
S15,W05,87.3
S15,W06,88.1
S15,W07,86.4
S15,W08,86.7
S15,W09,87.3
S15,W10,87.6
S15,W11,86.6
S15,W12,87
S15,W13,87.2
S15,W14,86.6
S15,W15,86.1
S15,W16,86.6
S15,W17,85.2
S15,W18,84.3
S15,W19,84.6
S15,W20,85
S15,W21,84.3
S15,W22,85.7
S15,W23,83.3
S15,W24,83.2
S15,W25,83.6
S15,W26,83.1
S16,W01,88.1
S16,W02,88.1
S16,W03,88.5
S16,W04,87.2
S16,W05,86.2
S16,W06,87.6
S16,W07,87.6
S16,W08,86
S16,W09,87.9
S16,W10,87.5
S16,W11,85.4
S16,W12,86.9
S16,W13,86
S16,W14,87
S16,W15,86.3
S16,W16,85.5
S16,W17,85.3
S16,W18,85.2
S16,W19,86.2
S16,W20,85.6
S16,W21,85
S16,W22,84.3
S16,W23,85.6
S16,W24,84.6
S16,W25,83.1
S16,W26,83.9
S17,W01,87.1
S17,W02,88.6
S17,W03,86.6
S17,W04,86.8
S17,W05,87
S17,W06,86.2
S17,W07,86.7
S17,W08,88
S17,W09,86.9
S17,W10,87.7
S17,W11,85.3
S17,W12,86.4
S17,W13,85.3
S17,W14,84.7
S17,W15,86.1
S17,W16,85
S17,W17,84.9
S17,W18,84.4
S17,W19,84.8
S17,W20,86
S17,W21,85.5
S17,W22,85
S17,W23,84.2
S17,W24,84
S17,W25,83.9
S17,W26,83.4
S18,W01,88.2
S18,W02,87.4
S18,W03,88.1
S18,W04,86.6
S18,W05,88
S18,W06,86.1
S18,W07,87.5
S18,W08,86.8
S18,W09,86.5
S18,W10,85.4
S18,W11,85.8
S18,W12,86.7
S18,W13,86.1
S18,W14,86.8
S18,W15,85.5
S18,W16,86
S18,W17,84.3
S18,W18,84.5
S18,W19,84.1
S18,W20,85.1
S18,W21,85.4
S18,W22,85
S18,W23,84.9
S18,W24,85.2
S18,W25,83
S18,W26,84.8
S19,W01,88.9
S19,W02,88.6
S19,W03,88.4
S19,W04,87.3
S19,W05,88
S19,W06,88
S19,W07,87.9
S19,W08,85.9
S19,W09,86.9
S19,W10,86.6
S19,W11,86.7
S19,W12,87.2
S19,W13,85.3
S19,W14,85.1
S19,W15,86.8
S19,W16,85.9
S19,W17,85.2
S19,W18,84.7
S19,W19,84.8
S19,W20,84.2
S19,W21,84.1
S19,W22,84.3
S19,W23,83.7
S19,W24,83.9
S19,W25,83.7
S19,W26,83.3
S20,W01,86.8
S20,W02,87.8
S20,W03,86.5
S20,W04,87.1
S20,W05,87.1
S20,W06,87
S20,W07,87.7
S20,W08,86.3
S20,W09,85.8
S20,W10,85.7
S20,W11,86.9
S20,W12,87.1
S20,W13,85.9
S20,W14,84.8
S20,W15,84.6
S20,W16,86.6
S20,W17,86.5
S20,W18,85.7
S20,W19,84.7
S20,W20,84.7
S20,W21,83.7
S20,W22,83.8
S20,W23,85.3
S20,W24,83.8
S20,W25,84.3
S20,W26,84.8
S21,W01,89
S21,W02,88.4
S21,W03,87.4
S21,W04,88
S21,W05,88
S21,W06,88.3
S21,W07,86.4
S21,W08,87.1
S21,W09,87.9
S21,W10,85.6
S21,W11,85.5
S21,W12,86.8
S21,W13,86.5
S21,W14,84.9
S21,W15,86.7
S21,W16,84.5
S21,W17,84.9
S21,W18,86.4
S21,W19,84.6
S21,W20,84.8
S21,W21,84.6
S21,W22,84.7
S21,W23,85
S21,W24,84.7
S21,W25,84.4
S21,W26,84.6
S22,W01,86.9
S22,W02,87.6
S22,W03,88
S22,W04,87.9
S22,W05,87.9
S22,W06,87.5
S22,W07,87.9
S22,W08,86.2
S22,W09,86.2
S22,W10,86.3
S22,W11,86.5
S22,W12,85.8
S22,W13,86.2
S22,W14,86.5
S22,W15,85.4
S22,W16,85
S22,W17,86.1
S22,W18,85.6
S22,W19,84.4
S22,W20,83.9
S22,W21,84.8
S22,W22,84
S22,W23,85.2
S22,W24,83.2
S22,W25,83
S22,W26,84.5
S23,W01,89
S23,W02,86.7
S23,W03,88.5
S23,W04,87.8
S23,W05,87.3
S23,W06,88.4
S23,W07,86.9
S23,W08,85.9
S23,W09,85.8
S23,W10,85.7
S23,W11,87.1
S23,W12,86.3
S23,W13,85
S23,W14,85.5
S23,W15,85
S23,W16,86
S23,W17,85.1
S23,W18,85.8
S23,W19,85.9
S23,W20,85.3
S23,W21,83.8
S23,W22,85.2
S23,W23,83.5
S23,W24,85.5
S23,W25,83.8
S23,W26,84.2
S24,W01,88.9
S24,W02,88.8
S24,W03,87.4
S24,W04,87.8
S24,W05,88
S24,W06,88.3
S24,W07,87
S24,W08,85.9
S24,W09,85.8
S24,W10,86.7
S24,W11,87.5
S24,W12,86
S24,W13,85.2
S24,W14,86
S24,W15,86.2
S24,W16,84.8
S24,W17,86.4
S24,W18,86.1
S24,W19,86.2
S24,W20,84.9
S24,W21,84.6
S24,W22,85.2
S24,W23,83.8
S24,W24,83.8
S24,W25,84.2
S24,W26,84
S25,W01,88
S25,W02,87
S25,W03,86.8
S25,W04,86.7
S25,W05,87.7
S25,W06,86.1
S25,W07,87.4
S25,W08,87.3
S25,W09,86.1
S25,W10,86.9
S25,W11,86.2
S25,W12,87.2
S25,W13,85.6
S25,W14,86.7
S25,W15,86.1
S25,W16,85.4
S25,W17,84.5
S25,W18,86.2
S25,W19,85.8
S25,W20,83.9
S25,W21,84.7
S25,W22,84.7
S25,W23,84.5
S25,W24,84.7
S25,W25,83.8
S25,W26,83.1
S26,W01,87.7
S26,W02,87.8
S26,W03,87.8
S26,W04,87.6
S26,W05,87.5
S26,W06,87.9
S26,W07,87.4
S26,W08,86.8
S26,W09,86.1
S26,W10,86.6
S26,W11,85.9
S26,W12,86.6
S26,W13,86.5
S26,W14,85.4
S26,W15,86.5
S26,W16,86.6
S26,W17,85.7
S26,W18,86.1
S26,W19,84.3
S26,W20,85.3
S26,W21,85.3
S26,W22,84.9
S26,W23,85.3
S26,W24,83.5
S26,W25,84
S26,W26,85
S27,W01,87.9
S27,W02,87.4
S27,W03,88.7
S27,W04,88.6
S27,W05,86.5
S27,W06,87.7
S27,W07,87
S27,W08,87.2
S27,W09,86.5
S27,W10,86.7
S27,W11,85.8
S27,W12,85.2
S27,W13,86.4
S27,W14,85.1
S27,W15,84.6
S27,W16,85.6
S27,W17,86.6
S27,W18,85.2
S27,W19,85.7
S27,W20,85.5
S27,W21,83.6
S27,W22,85.6
S27,W23,85.3
S27,W24,84.3
S27,W25,83.1
S27,W26,83.2
S28,W01,88.9
S28,W02,86.7
S28,W03,87.2
S28,W04,86.9
S28,W05,86.5
S28,W06,86.1
S28,W07,87.3
S28,W08,86.2
S28,W09,87.1
S28,W10,87.2
S28,W11,86.2
S28,W12,87.2
S28,W13,85.1
S28,W14,85.9
S28,W15,86.4
S28,W16,85.5
S28,W17,86.4
S28,W18,85.6
S28,W19,84.6
S28,W20,84.7
S28,W21,83.8
S28,W22,85.3
S28,W23,83.8
S28,W24,84.6
S28,W25,84.6
S28,W26,83.3
S29,W01,87.9
S29,W02,88.3
S29,W03,88.1
S29,W04,88.5
S29,W05,88
S29,W06,87.9
S29,W07,87.6
S29,W08,85.8
S29,W09,87.9
S29,W10,87.1
S29,W11,86.4
S29,W12,85.5
S29,W13,86.1
S29,W14,86.9
S29,W15,86.5
S29,W16,86.5
S29,W17,85.1
S29,W18,84.8
S29,W19,84.1
S29,W20,85.7
S29,W21,84.9
S29,W22,84.4
S29,W23,83.4
S29,W24,84
S29,W25,83.8
S29,W26,83
S30,W01,87.4
S30,W02,87.8
S30,W03,87.9
S30,W04,88.4
S30,W05,86.9
S30,W06,87.4
S30,W07,86.8
S30,W08,86.9
S30,W09,86.5
S30,W10,86.7
S30,W11,86.6
S30,W12,87.3
S30,W13,86.8
S30,W14,86
S30,W15,85.2
S30,W16,86.8
S30,W17,86.3
S30,W18,84.5
S30,W19,84.2
S30,W20,84.3
S30,W21,84.4
S30,W22,84.2
S30,W23,83.5
S30,W24,85.2
S30,W25,85.3
S30,W26,84.6
S31,W01,87.4
S31,W02,88.6
S31,W03,88.7
S31,W04,87.3
S31,W05,87.7
S31,W06,87.3
S31,W07,86.5
S31,W08,86.6
S31,W09,86.3
S31,W10,86
S31,W11,85.3
S31,W12,86.2
S31,W13,85
S31,W14,85
S31,W15,86.1
S31,W16,84.8
S31,W17,85
S31,W18,84.9
S31,W19,84.7
S31,W20,84.1
S31,W21,85.3
S31,W22,85.2
S31,W23,85.3
S31,W24,85
S31,W25,83
S31,W26,84.2
S32,W01,87
S32,W02,88.8
S32,W03,88.6
S32,W04,88.1
S32,W05,87.9
S32,W06,86.2
S32,W07,86
S32,W08,87.9
S32,W09,85.8
S32,W10,87.1
S32,W11,87.5
S32,W12,85
S32,W13,86.6
S32,W14,86.9
S32,W15,86.4
S32,W16,86.6
S32,W17,85.8
S32,W18,84.2
S32,W19,86.2
S32,W20,84.2
S32,W21,84.1
S32,W22,85.5
S32,W23,83.8
S32,W24,85.3
S32,W25,83.9
S32,W26,83.4
S33,W01,88.7
S33,W02,87.3
S33,W03,86.8
S33,W04,86.3
S33,W05,87.9
S33,W06,86.4
S33,W07,87.5
S33,W08,86.9
S33,W09,86.3
S33,W10,86.9
S33,W11,87.2
S33,W12,86.7
S33,W13,86.1
S33,W14,86.1
S33,W15,85.1
S33,W16,86.4
S33,W17,84.5
S33,W18,84.4
S33,W19,86.2
S33,W20,86.1
S33,W21,84.2
S33,W22,84.1
S33,W23,83.4
S33,W24,84.4
S33,W25,84.9
S33,W26,84.3
S34,W01,87.8
S34,W02,87.8
S34,W03,88.6
S34,W04,88.2
S34,W05,88.1
S34,W06,86.9
S34,W07,86.1
S34,W08,85.8
S34,W09,85.8
S34,W10,87.3
S34,W11,86.2
S34,W12,85.3
S34,W13,85.3
S34,W14,87.1
S34,W15,86.5
S34,W16,84.5
S34,W17,85.2
S34,W18,84.5
S34,W19,86.2
S34,W20,86
S34,W21,85.3
S34,W22,84.3
S34,W23,84
S34,W24,84.2
S34,W25,83
S34,W26,85.1
S35,W01,89
S35,W02,88.6
S35,W03,87.2
S35,W04,87.4
S35,W05,86.8
S35,W06,87.1
S35,W07,87.1
S35,W08,87.1
S35,W09,86.4
S35,W10,86.8
S35,W11,86.3
S35,W12,86.2
S35,W13,86.1
S35,W14,84.8
S35,W15,86.8
S35,W16,85.2
S35,W17,84.4
S35,W18,86.4
S35,W19,84.8
S35,W20,86.1
S35,W21,85.2
S35,W22,83.5
S35,W23,83.6
S35,W24,85.4
S35,W25,83
S35,W26,83.1
S36,W01,88.7
S36,W02,86.7
S36,W03,88.4
S36,W04,87.5
S36,W05,87.4
S36,W06,87.5
S36,W07,87
S36,W08,87.2
S36,W09,86.2
S36,W10,87.5
S36,W11,85.8
S36,W12,86.5
S36,W13,87
S36,W14,86.3
S36,W15,86.6
S36,W16,84.4
S36,W17,85.9
S36,W18,84.7
S36,W19,84.9
S36,W20,85.2
S36,W21,83.9
S36,W22,85.2
S36,W23,83.7
S36,W24,85.5
S36,W25,83.5
S36,W26,84.4
S37,W01,88
S37,W02,87.5
S37,W03,88.5
S37,W04,88.1
S37,W05,87
S37,W06,88.4
S37,W07,86.6
S37,W08,86.1
S37,W09,86.1
S37,W10,85.8
S37,W11,85.9
S37,W12,85.9
S37,W13,87.1
S37,W14,86.3
S37,W15,85.1
S37,W16,86.4
S37,W17,84.7
S37,W18,86
S37,W19,85.8
S37,W20,85.2
S37,W21,85.1
S37,W22,84.6
S37,W23,84.6
S37,W24,83.6
S37,W25,83.4
S37,W26,83.8
S38,W01,88.4
S38,W02,89
S38,W03,88.7
S38,W04,86.7
S38,W05,87.1
S38,W06,86.7
S38,W07,86.1
S38,W08,87.3
S38,W09,86.1
S38,W10,85.6
S38,W11,87.5
S38,W12,87.2
S38,W13,87
S38,W14,86.6
S38,W15,85.8
S38,W16,85.5
S38,W17,85.7
S38,W18,85.5
S38,W19,84.3
S38,W20,84.7
S38,W21,85.5
S38,W22,83.9
S38,W23,84.6
S38,W24,83.5
S38,W25,83.3
S38,W26,83.4
S39,W01,88
S39,W02,88.6
S39,W03,87.9
S39,W04,87.5
S39,W05,87
S39,W06,87.5
S39,W07,87.7
S39,W08,87.7
S39,W09,87.7
S39,W10,86.6
S39,W11,85.5
S39,W12,86.9
S39,W13,85.2
S39,W14,86.1
S39,W15,85.2
S39,W16,86.6
S39,W17,85.6
S39,W18,86.2
S39,W19,85.7
S39,W20,83.8
S39,W21,84.9
S39,W22,84.1
S39,W23,84.9
S39,W24,85
S39,W25,83.6
S39,W26,85
S40,W01,87.4
S40,W02,87.4
S40,W03,87.2
S40,W04,87.4
S40,W05,86.9
S40,W06,86.4
S40,W07,86.3
S40,W08,86.3
S40,W09,87.8
S40,W10,86
S40,W11,86.6
S40,W12,85.6
S40,W13,86.6
S40,W14,85.1
S40,W15,86.4
S40,W16,85.7
S40,W17,84.5
S40,W18,84.4
S40,W19,85.7
S40,W20,85
S40,W21,85.1
S40,W22,84.6
S40,W23,84.9
S40,W24,85.5
S40,W25,84
S40,W26,84.3
S41,W01,88.5
S41,W02,88.6
S41,W03,87.4
S41,W04,88.3
S41,W05,87.3
S41,W06,87.6
S41,W07,87.7
S41,W08,86.2
S41,W09,86.9
S41,W10,87
S41,W11,85.7
S41,W12,86.5
S41,W13,85.6
S41,W14,84.8
S41,W15,85.4
S41,W16,85.3
S41,W17,84.7
S41,W18,84.8
S41,W19,84.6
S41,W20,84.8
S41,W21,84.6
S41,W22,84.9
S41,W23,84.8
S41,W24,84
S41,W25,85.1
S41,W26,83
S42,W01,88
S42,W02,87.3
S42,W03,88.4
S42,W04,86.5
S42,W05,87.6
S42,W06,87.9
S42,W07,87.8
S42,W08,85.8
S42,W09,85.8
S42,W10,85.9
S42,W11,85.6
S42,W12,86.7
S42,W13,85.8
S42,W14,84.8
S42,W15,85.5
S42,W16,85.2
S42,W17,84.4
S42,W18,86.2
S42,W19,85.9
S42,W20,84.2
S42,W21,85
S42,W22,83.7
S42,W23,85
S42,W24,83.4
S42,W25,83.8
S42,W26,83.9
S43,W01,88.9
S43,W02,88
S43,W03,87.8
S43,W04,86.7
S43,W05,86.7
S43,W06,86.2
S43,W07,86.7
S43,W08,86.8
S43,W09,87
S43,W10,85.7
S43,W11,87
S43,W12,86.2
S43,W13,85.1
S43,W14,86.5
S43,W15,85.1
S43,W16,85.3
S43,W17,85.9
S43,W18,84.4
S43,W19,85.8
S43,W20,85.7
S43,W21,84.6
S43,W22,84.2
S43,W23,83.5
S43,W24,84.8
S43,W25,84.9
S43,W26,84.7
S44,W01,88.5
S44,W02,86.7
S44,W03,86.5
S44,W04,86.8
S44,W05,87.8
S44,W06,86.6
S44,W07,86.1
S44,W08,87.7
S44,W09,87
S44,W10,86
S44,W11,87.5
S44,W12,86.4
S44,W13,86.4
S44,W14,85
S44,W15,85.9
S44,W16,86.4
S44,W17,86.5
S44,W18,84.8
S44,W19,85.1
S44,W20,84.1
S44,W21,84.6
S44,W22,85.7
S44,W23,83.5
S44,W24,84.3
S44,W25,84.9
S44,W26,84.4
S45,W01,87.8
S45,W02,89
S45,W03,88.3
S45,W04,87
S45,W05,86.2
S45,W06,88.1
S45,W07,86.3
S45,W08,86.1
S45,W09,86.8
S45,W10,86.2
S45,W11,86.4
S45,W12,85.1
S45,W13,86.4
S45,W14,85
S45,W15,85.4
S45,W16,86.3
S45,W17,85.1
S45,W18,85.4
S45,W19,85.5
S45,W20,83.8
S45,W21,84.5
S45,W22,84
S45,W23,84.1
S45,W24,83.5
S45,W25,83.4
S45,W26,83.1
S46,W01,87.2
S46,W02,88.8
S46,W03,87.6
S46,W04,87.1
S46,W05,87.6
S46,W06,87.9
S46,W07,86.1
S46,W08,87.1
S46,W09,87.2
S46,W10,86.8
S46,W11,86.4
S46,W12,85.9
S46,W13,86.7
S46,W14,85.7
S46,W15,86.4
S46,W16,85.9
S46,W17,85.5
S46,W18,85
S46,W19,84.1
S46,W20,85.2
S46,W21,85.8
S46,W22,83.5
S46,W23,83.9
S46,W24,83.7
S46,W25,84.1
S46,W26,84.7
S47,W01,86.9
S47,W02,86.9
S47,W03,87.2
S47,W04,88.2
S47,W05,86.2
S47,W06,87.1
S47,W07,86.6
S47,W08,88.1
S47,W09,87.2
S47,W10,86.6
S47,W11,86.5
S47,W12,86.3
S47,W13,84.9
S47,W14,87
S47,W15,86.2
S47,W16,85.3
S47,W17,86.1
S47,W18,84.2
S47,W19,85
S47,W20,84.5
S47,W21,85
S47,W22,83.7
S47,W23,83.6
S47,W24,85.3
S47,W25,83.2
S47,W26,84.9
S48,W01,87.6
S48,W02,87.5
S48,W03,86.8
S48,W04,86.5
S48,W05,88
S48,W06,86.2
S48,W07,85.9
S48,W08,86.9
S48,W09,86.5
S48,W10,85.7
S48,W11,87.3
S48,W12,85.2
S48,W13,87.1
S48,W14,85.6
S48,W15,86
S48,W16,86.1
S48,W17,86.1
S48,W18,86.1
S48,W19,84.3
S48,W20,85
S48,W21,84.9
S48,W22,83.6
S48,W23,83.5
S48,W24,83.7
S48,W25,84.4
S48,W26,83.1
S49,W01,87.1
S49,W02,86.7
S49,W03,86.8
S49,W04,88.5
S49,W05,86.3
S49,W06,86.2
S49,W07,87
S49,W08,86.3
S49,W09,86.6
S49,W10,85.9
S49,W11,86.7
S49,W12,85.9
S49,W13,85.9
S49,W14,86.1
S49,W15,85.9
S49,W16,84.8
S49,W17,86.6
S49,W18,86
S49,W19,85.5
S49,W20,84.6
S49,W21,84.1
S49,W22,85.1
S49,W23,83.6
S49,W24,83.3
S49,W25,83.7
S49,W26,84.5
S50,W01,88.8
S50,W02,86.7
S50,W03,87.1
S50,W04,86.3
S50,W05,88
S50,W06,87.3
S50,W07,86.1
S50,W08,87.1
S50,W09,87.4
S50,W10,86
S50,W11,85.6
S50,W12,86.3
S50,W13,86.9
S50,W14,85.5
S50,W15,85.8
S50,W16,85.7
S50,W17,85.4
S50,W18,84.4
S50,W19,85.9
S50,W20,84.4
S50,W21,85.1
S50,W22,84
S50,W23,85.4
S50,W24,84.3
S50,W25,85.1
S50,W26,84.1
S51,W01,88.7
S51,W02,87
S51,W03,87.7
S51,W04,87
S51,W05,87
S51,W06,86.2
S51,W07,87.4
S51,W08,87.2
S51,W09,86.5
S51,W10,87.3
S51,W11,86.8
S51,W12,85.5
S51,W13,86.3
S51,W14,85.6
S51,W15,86.9
S51,W16,84.9
S51,W17,85.5
S51,W18,84.1
S51,W19,84.2
S51,W20,84.8
S51,W21,83.6
S51,W22,85.1
S51,W23,85.1
S51,W24,83.8
S51,W25,83.9
S51,W26,83.6
S52,W01,87
S52,W02,87.6
S52,W03,88.2
S52,W04,87.7
S52,W05,88.5
S52,W06,87.8
S52,W07,87.4
S52,W08,87
S52,W09,87.4
S52,W10,86.7
S52,W11,86.3
S52,W12,85.7
S52,W13,86.7
S52,W14,85
S52,W15,84.8
S52,W16,84.7
S52,W17,85.9
S52,W18,84.8
S52,W19,85.1
S52,W20,85.9
S52,W21,85.4
S52,W22,84.8
S52,W23,85.7
S52,W24,85.3
S52,W25,83.9
S52,W26,83
S53,W01,88.9
S53,W02,87.3
S53,W03,87.7
S53,W04,87.9
S53,W05,86.8
S53,W06,86.7
S53,W07,86.2
S53,W08,86.1
S53,W09,85.9
S53,W10,86.5
S53,W11,85.9
S53,W12,85.9
S53,W13,86.9
S53,W14,86.9
S53,W15,86.8
S53,W16,85.7
S53,W17,86
S53,W18,84.3
S53,W19,84.6
S53,W20,85.4
S53,W21,84.5
S53,W22,85.3
S53,W23,85
S53,W24,84.5
S53,W25,83.7
S53,W26,84.6
S54,W01,87.7
S54,W02,87.3
S54,W03,87.2
S54,W04,88.2
S54,W05,87.7
S54,W06,87.1
S54,W07,88.2
S54,W08,88
S54,W09,86.7
S54,W10,87.4
S54,W11,86.3
S54,W12,85.5
S54,W13,86.3
S54,W14,85.1
S54,W15,85.7
S54,W16,84.8
S54,W17,86.5
S54,W18,86.3
S54,W19,84.7
S54,W20,85.5
S54,W21,86
S54,W22,84.6
S54,W23,85.5
S54,W24,83.6
S54,W25,85.1
S54,W26,83.1
S55,W01,87.1
S55,W02,89
S55,W03,87.7
S55,W04,86.6
S55,W05,88.2
S55,W06,86.6
S55,W07,87.9
S55,W08,86.9
S55,W09,87.8
S55,W10,85.6
S55,W11,86
S55,W12,86.6
S55,W13,86
S55,W14,84.9
S55,W15,86.8
S55,W16,85
S55,W17,84.3
S55,W18,86.3
S55,W19,84.8
S55,W20,85.2
S55,W21,85.8
S55,W22,85.1
S55,W23,83.5
S55,W24,85.4
S55,W25,85.4
S55,W26,83.4
S56,W01,87
S56,W02,86.6
S56,W03,87.5
S56,W04,87.6
S56,W05,88.4
S56,W06,87.1
S56,W07,87.6
S56,W08,86.8
S56,W09,87.1
S56,W10,86.4
S56,W11,85.9
S56,W12,86.2
S56,W13,86
S56,W14,86.9
S56,W15,86.6
S56,W16,85.2
S56,W17,85.5
S56,W18,85.3
S56,W19,85.7
S56,W20,84.9
S56,W21,85.7
S56,W22,84.8
S56,W23,83.4
S56,W24,84.3
S56,W25,83.2
S56,W26,85.2
S57,W01,88.2
S57,W02,87.4
S57,W03,87.8
S57,W04,87.7
S57,W05,87.9
S57,W06,86.3
S57,W07,88.2
S57,W08,87
S57,W09,86.1
S57,W10,86
S57,W11,86.6
S57,W12,87.4
S57,W13,85.3
S57,W14,85.7
S57,W15,85.5
S57,W16,84.9
S57,W17,85
S57,W18,84.6
S57,W19,84.4
S57,W20,84.5
S57,W21,85.6
S57,W22,85.4
S57,W23,83.8
S57,W24,84.4
S57,W25,83.3
S57,W26,84.6
S58,W01,88.4
S58,W02,88.9
S58,W03,87.4
S58,W04,88
S58,W05,86.5
S58,W06,87.9
S58,W07,86
S58,W08,86.9
S58,W09,87.8
S58,W10,86.7
S58,W11,85.2
S58,W12,87.4
S58,W13,86.1
S58,W14,85.5
S58,W15,86.9
S58,W16,85.6
S58,W17,84.7
S58,W18,84.6
S58,W19,85.7
S58,W20,84.5
S58,W21,84.9
S58,W22,83.6
S58,W23,83.5
S58,W24,83.2
S58,W25,84.2
S58,W26,84.4
S59,W01,88.5
S59,W02,88.7
S59,W03,86.5
S59,W04,86.5
S59,W05,87
S59,W06,88.4
S59,W07,85.9
S59,W08,86.9
S59,W09,85.6
S59,W10,87.1
S59,W11,85.6
S59,W12,85.4
S59,W13,85.5
S59,W14,85
S59,W15,85.5
S59,W16,86.4
S59,W17,84.6
S59,W18,86
S59,W19,85.6
S59,W20,83.9
S59,W21,84.2
S59,W22,84
S59,W23,84
S59,W24,85.2
S59,W25,84.8
S59,W26,83.7
S60,W01,86.9
S60,W02,87.5
S60,W03,88.5
S60,W04,87.3
S60,W05,88.4
S60,W06,87.7
S60,W07,88.1
S60,W08,87.7
S60,W09,86.7
S60,W10,85.7
S60,W11,86.4
S60,W12,85.5
S60,W13,86.9
S60,W14,86.6
S60,W15,86.3
S60,W16,86.2
S60,W17,84.8
S60,W18,86.3
S60,W19,86.1
S60,W20,83.8
S60,W21,85.7
S60,W22,84.1
S60,W23,84.5
S60,W24,84.6
S60,W25,83.6
S60,W26,84.8
S61,W01,88.1
S61,W02,87.4
S61,W03,86.9
S61,W04,87.4
S61,W05,86.8
S61,W06,86
S61,W07,87.2
S61,W08,86.2
S61,W09,87.6
S61,W10,87.1
S61,W11,87.1
S61,W12,87.1
S61,W13,87.1
S61,W14,85.4
S61,W15,86.3
S61,W16,85
S61,W17,86.2
S61,W18,86.3
S61,W19,85.7
S61,W20,84.3
S61,W21,85
S61,W22,85.4
S61,W23,84.4
S61,W24,83.5
S61,W25,84.1
S61,W26,83.8
S62,W01,88.2
S62,W02,86.7
S62,W03,88
S62,W04,87.7
S62,W05,88.3
S62,W06,86.1
S62,W07,86.2
S62,W08,87.5
S62,W09,86.3
S62,W10,86.5
S62,W11,85.3
S62,W12,85.3
S62,W13,85.1
S62,W14,85.8
S62,W15,86.1
S62,W16,86.7
S62,W17,85.5
S62,W18,84.6
S62,W19,84.1
S62,W20,83.8
S62,W21,85.7
S62,W22,85.1
S62,W23,83.4
S62,W24,84.2
S62,W25,83.2
S62,W26,83.6
S63,W01,88.5
S63,W02,88
S63,W03,87.4
S63,W04,87.3
S63,W05,88.4
S63,W06,87.7
S63,W07,86.5
S63,W08,87.5
S63,W09,87.1
S63,W10,85.7
S63,W11,85.5
S63,W12,85.2
S63,W13,86.5
S63,W14,85.7
S63,W15,84.7
S63,W16,85
S63,W17,85.2
S63,W18,86
S63,W19,84.5
S63,W20,85.1
S63,W21,85.7
S63,W22,85.4
S63,W23,83.5
S63,W24,84.6
S63,W25,83.8
S63,W26,83.7
S64,W01,88.7
S64,W02,87.4
S64,W03,88.4
S64,W04,88.5
S64,W05,87.3
S64,W06,86.5
S64,W07,86.8
S64,W08,87.8
S64,W09,87
S64,W10,85.8
S64,W11,86.9
S64,W12,86.7
S64,W13,86.7
S64,W14,86.5
S64,W15,86
S64,W16,84.8
S64,W17,86
S64,W18,86.2
S64,W19,85.6
S64,W20,84.9
S64,W21,85.2
S64,W22,84.9
S64,W23,83.8
S64,W24,84.2
S64,W25,83.8
S64,W26,82.8
S65,W01,87.4
S65,W02,87.9
S65,W03,87.5
S65,W04,86.9
S65,W05,87.5
S65,W06,86.3
S65,W07,86.9
S65,W08,87.4
S65,W09,86.6
S65,W10,86.7
S65,W11,85.5
S65,W12,86.4
S65,W13,86.8
S65,W14,86.6
S65,W15,86.2
S65,W16,86
S65,W17,86.3
S65,W18,84.9
S65,W19,84.7
S65,W20,84.1
S65,W21,85
S65,W22,85.2
S65,W23,85.1
S65,W24,84.7
S65,W25,83.5
S65,W26,84
S66,W01,88.8
S66,W02,87.8
S66,W03,87.1
S66,W04,86.6
S66,W05,87.1
S66,W06,87.8
S66,W07,86
S66,W08,86.5
S66,W09,87.3
S66,W10,87.3
S66,W11,85.8
S66,W12,86.5
S66,W13,85.5
S66,W14,86
S66,W15,84.7
S66,W16,86.4
S66,W17,86.5
S66,W18,85.4
S66,W19,84.8
S66,W20,85
S66,W21,85.2
S66,W22,84.4
S66,W23,84.8
S66,W24,84.4
S66,W25,84.9
S66,W26,84.9
S67,W01,87.9
S67,W02,88.3
S67,W03,87.1
S67,W04,88.7
S67,W05,87.4
S67,W06,86.1
S67,W07,86
S67,W08,87.1
S67,W09,86.8
S67,W10,87.7
S67,W11,85.3
S67,W12,87.2
S67,W13,86.7
S67,W14,87
S67,W15,85.8
S67,W16,85.9
S67,W17,85.9
S67,W18,86.2
S67,W19,85.3
S67,W20,84.4
S67,W21,85.9
S67,W22,85.4
S67,W23,85.3
S67,W24,84.5
S67,W25,84.8
S67,W26,83.8
S68,W01,88.1
S68,W02,87.5
S68,W03,86.9
S68,W04,87.1
S68,W05,88.4
S68,W06,86
S68,W07,87.8
S68,W08,86.1
S68,W09,86
S68,W10,86
S68,W11,85.5
S68,W12,86.1
S68,W13,85.9
S68,W14,85.4
S68,W15,86.5
S68,W16,85.5
S68,W17,84.5
S68,W18,85.9
S68,W19,85.6
S68,W20,84.9
S68,W21,85.2
S68,W22,83.6
S68,W23,84.4
S68,W24,83.4
S68,W25,83.4
S68,W26,85
S69,W01,87.7
S69,W02,88
S69,W03,86.9
S69,W04,87.6
S69,W05,88.5
S69,W06,88.2
S69,W07,87.7
S69,W08,87.7
S69,W09,87.4
S69,W10,85.8
S69,W11,86.4
S69,W12,86.4
S69,W13,84.9
S69,W14,86.4
S69,W15,85
S69,W16,86.5
S69,W17,86.2
S69,W18,86
S69,W19,85.2
S69,W20,85.4
S69,W21,84
S69,W22,84.1
S69,W23,85.4
S69,W24,85.5
S69,W25,83
S69,W26,84.7
S70,W01,86.9
S70,W02,88.8
S70,W03,88.6
S70,W04,87.8
S70,W05,87.7
S70,W06,87.2
S70,W07,87.7
S70,W08,87.1
S70,W09,86.7
S70,W10,87.1
S70,W11,86.7
S70,W12,86
S70,W13,85.6
S70,W14,86.9
S70,W15,86.5
S70,W16,85.8
S70,W17,84.6
S70,W18,85.9
S70,W19,85.3
S70,W20,85.8
S70,W21,85.5
S70,W22,85.3
S70,W23,85.3
S70,W24,84.3
S70,W25,84.9
S70,W26,84.1
S71,W01,88.8
S71,W02,89
S71,W03,88.8
S71,W04,88.5
S71,W05,87.2
S71,W06,87.9
S71,W07,86.7
S71,W08,87.8
S71,W09,87.5
S71,W10,85.8
S71,W11,86.2
S71,W12,86.3
S71,W13,86.3
S71,W14,87
S71,W15,85.8
S71,W16,84.9
S71,W17,86
S71,W18,85.5
S71,W19,84.8
S71,W20,84.3
S71,W21,85
S71,W22,85.1
S71,W23,84.7
S71,W24,84.9
S71,W25,83.4
S71,W26,84.1
S72,W01,88.7
S72,W02,88.2
S72,W03,86.7
S72,W04,86.7
S72,W05,86.8
S72,W06,86.9
S72,W07,86.1
S72,W08,87
S72,W09,86.2
S72,W10,86.7
S72,W11,86
S72,W12,86.9
S72,W13,85.4
S72,W14,85.1
S72,W15,85.9
S72,W16,84.9
S72,W17,86.1
S72,W18,86.1
S72,W19,85.7
S72,W20,84.2
S72,W21,84.2
S72,W22,85.7
S72,W23,84.6
S72,W24,84.1
S72,W25,84.4
S72,W26,84.9
S73,W01,89.1
S73,W02,87.8
S73,W03,88
S73,W04,86.8
S73,W05,88.3
S73,W06,88.2
S73,W07,85.9
S73,W08,87.4
S73,W09,85.5
S73,W10,86.4
S73,W11,85.5
S73,W12,87
S73,W13,85.6
S73,W14,85.2
S73,W15,85.4
S73,W16,84.6
S73,W17,85.5
S73,W18,85.8
S73,W19,84.8
S73,W20,85.1
S73,W21,85.4
S73,W22,84.5
S73,W23,84.4
S73,W24,83.5
S73,W25,83
S73,W26,85
S74,W01,88.7
S74,W02,87.4
S74,W03,88
S74,W04,86.7
S74,W05,87.4
S74,W06,88.4
S74,W07,86.6
S74,W08,86.2
S74,W09,87.9
S74,W10,87.6
S74,W11,87.4
S74,W12,87.3
S74,W13,85.3
S74,W14,86.9
S74,W15,85.5
S74,W16,84.6
S74,W17,86.4
S74,W18,85.9
S74,W19,84.4
S74,W20,85
S74,W21,84.9
S74,W22,83.6
S74,W23,84.8
S74,W24,84.3
S74,W25,84.8
S74,W26,83.7
S75,W01,88.8
S75,W02,86.8
S75,W03,86.9
S75,W04,87.4
S75,W05,87.8
S75,W06,86.1
S75,W07,87.7
S75,W08,86.2
S75,W09,87.5
S75,W10,86.6
S75,W11,87.1
S75,W12,85.3
S75,W13,86.9
S75,W14,85.1
S75,W15,86.4
S75,W16,86.6
S75,W17,85.6
S75,W18,84.6
S75,W19,85.3
S75,W20,85.8
S75,W21,85.5
S75,W22,85.8
S75,W23,84.9
S75,W24,85
S75,W25,83.6
S75,W26,82.8
S76,W01,88.3
S76,W02,87.7
S76,W03,87.5
S76,W04,87
S76,W05,86.8
S76,W06,86.5
S76,W07,87.8
S76,W08,86.4
S76,W09,87
S76,W10,87
S76,W11,85.5
S76,W12,85.2
S76,W13,86.4
S76,W14,86.9
S76,W15,84.8
S76,W16,86.7
S76,W17,85.7
S76,W18,84.8
S76,W19,86.3
S76,W20,85.9
S76,W21,85.3
S76,W22,84.5
S76,W23,83.6
S76,W24,84.6
S76,W25,83.5
S76,W26,84.5
S77,W01,88.1
S77,W02,88.5
S77,W03,88.7
S77,W04,86.5
S77,W05,88.5
S77,W06,87.1
S77,W07,87.4
S77,W08,86.5
S77,W09,85.7
S77,W10,87.6
S77,W11,85.7
S77,W12,85.6
S77,W13,87.2
S77,W14,86.8
S77,W15,85.1
S77,W16,85.1
S77,W17,86
S77,W18,85.7
S77,W19,85.3
S77,W20,85.3
S77,W21,84.7
S77,W22,85.4
S77,W23,85.4
S77,W24,84.9
S77,W25,84.8
S77,W26,83
S78,W01,87.6
S78,W02,88.4
S78,W03,87.4
S78,W04,87.5
S78,W05,87.2
S78,W06,87.6
S78,W07,86.2
S78,W08,85.8
S78,W09,85.7
S78,W10,87.1
S78,W11,85.3
S78,W12,86.1
S78,W13,86.9
S78,W14,85
S78,W15,85.2
S78,W16,85.3
S78,W17,86.3
S78,W18,84.4
S78,W19,84.4
S78,W20,85.9
S78,W21,85.2
S78,W22,83.7
S78,W23,83.8
S78,W24,83.4
S78,W25,85.1
S78,W26,83.1
S79,W01,86.9
S79,W02,86.8
S79,W03,87.5
S79,W04,88.3
S79,W05,87.6
S79,W06,88.1
S79,W07,87.8
S79,W08,86.2
S79,W09,85.8
S79,W10,87.7
S79,W11,87.2
S79,W12,86.5
S79,W13,85.8
S79,W14,87.1
S79,W15,85.4
S79,W16,84.9
S79,W17,86.4
S79,W18,85.1
S79,W19,85.3
S79,W20,85.7
S79,W21,83.8
S79,W22,84
S79,W23,83.7
S79,W24,84.9
S79,W25,84.7
S79,W26,83.4
S80,W01,87.4
S80,W02,88.3
S80,W03,87.7
S80,W04,87
S80,W05,88
S80,W06,88.3
S80,W07,88.2
S80,W08,86.3
S80,W09,86.9
S80,W10,87
S80,W11,87
S80,W12,86.2
S80,W13,86.7
S80,W14,85.6
S80,W15,86.8
S80,W16,84.5
S80,W17,84.5
S80,W18,84.2
S80,W19,84.7
S80,W20,85.7
S80,W21,84
S80,W22,85.6
S80,W23,85.1
S80,W24,84.9
S80,W25,85.3
S80,W26,85.1
S81,W01,87
S81,W02,87
S81,W03,88.4
S81,W04,87
S81,W05,87.7
S81,W06,86.9
S81,W07,86.6
S81,W08,88
S81,W09,87.7
S81,W10,85.4
S81,W11,86.3
S81,W12,85.4
S81,W13,85.3
S81,W14,86.5
S81,W15,85.8
S81,W16,84.9
S81,W17,86.5
S81,W18,86
S81,W19,84.9
S81,W20,83.8
S81,W21,85
S81,W22,85.2
S81,W23,83.8
S81,W24,85.2
S81,W25,83.5
S81,W26,84.7
S82,W01,88.5
S82,W02,87.5
S82,W03,87.9
S82,W04,87.3
S82,W05,86.8
S82,W06,87.6
S82,W07,88
S82,W08,86
S82,W09,85.5
S82,W10,86.7
S82,W11,86.6
S82,W12,86.2
S82,W13,85.1
S82,W14,85.9
S82,W15,85.1
S82,W16,85.4
S82,W17,86.2
S82,W18,85.6
S82,W19,85.7
S82,W20,85.8
S82,W21,86
S82,W22,85
S82,W23,83.7
S82,W24,84.8
S82,W25,84.4
S82,W26,83.7
S83,W01,87
S83,W02,87.8
S83,W03,88.6
S83,W04,87.8
S83,W05,86.6
S83,W06,88.1
S83,W07,87.7
S83,W08,86.2
S83,W09,87.1
S83,W10,85.8
S83,W11,87.5
S83,W12,85.4
S83,W13,85.3
S83,W14,86.4
S83,W15,86.8
S83,W16,84.6
S83,W17,85.1
S83,W18,85.5
S83,W19,86
S83,W20,85.4
S83,W21,84.6
S83,W22,83.5
S83,W23,85
S83,W24,83.7
S83,W25,84.6
S83,W26,83.3
S84,W01,87.9
S84,W02,88.8
S84,W03,87.8
S84,W04,88.5
S84,W05,88.5
S84,W06,86.2
S84,W07,88
S84,W08,87.9
S84,W09,87.4
S84,W10,87.5
S84,W11,86.3
S84,W12,86
S84,W13,85
S84,W14,85.2
S84,W15,84.7
S84,W16,85.9
S84,W17,86.4
S84,W18,85.1
S84,W19,86
S84,W20,84.3
S84,W21,84
S84,W22,84.3
S84,W23,85.5
S84,W24,83.6
S84,W25,83.4
S84,W26,83.2
S85,W01,88.7
S85,W02,88
S85,W03,88.7
S85,W04,87.7
S85,W05,86.9
S85,W06,86.6
S85,W07,86.4
S85,W08,87.9
S85,W09,86.8
S85,W10,85.4
S85,W11,85.9
S85,W12,87.3
S85,W13,85.3
S85,W14,86.8
S85,W15,86
S85,W16,86.5
S85,W17,86.5
S85,W18,84.4
S85,W19,84.8
S85,W20,85.3
S85,W21,85.9
S85,W22,83.6
S85,W23,83.5
S85,W24,83.2
S85,W25,84.7
S85,W26,85.1
S86,W01,88.3
S86,W02,88.5
S86,W03,86.7
S86,W04,88.7
S86,W05,86.2
S86,W06,86.8
S86,W07,86.3
S86,W08,87.3
S86,W09,86.5
S86,W10,86.7
S86,W11,85.3
S86,W12,86.5
S86,W13,85.5
S86,W14,85.1
S86,W15,85.9
S86,W16,84.5
S86,W17,86.1
S86,W18,85
S86,W19,84.8
S86,W20,84.7
S86,W21,85.1
S86,W22,84.4
S86,W23,84.8
S86,W24,84.5
S86,W25,84.4
S86,W26,85
S87,W01,88.5
S87,W02,88.4
S87,W03,88.7
S87,W04,87.7
S87,W05,87.1
S87,W06,87.5
S87,W07,88
S87,W08,85.9
S87,W09,87.6
S87,W10,87.2
S87,W11,86.6
S87,W12,85.6
S87,W13,87.2
S87,W14,86.9
S87,W15,86.8
S87,W16,85.1
S87,W17,85.1
S87,W18,85.2
S87,W19,86.1
S87,W20,84.5
S87,W21,84.5
S87,W22,85.3
S87,W23,83.7
S87,W24,85.4
S87,W25,85
S87,W26,83.4
S88,W01,86.9
S88,W02,86.7
S88,W03,87.5
S88,W04,88.3
S88,W05,86.7
S88,W06,88.2
S88,W07,87.3
S88,W08,86.3
S88,W09,87.5
S88,W10,85.6
S88,W11,85.9
S88,W12,86.8
S88,W13,85.8
S88,W14,86.7
S88,W15,85
S88,W16,85.1
S88,W17,84.5
S88,W18,85.3
S88,W19,86.2
S88,W20,86
S88,W21,84.5
S88,W22,83.5
S88,W23,85.3
S88,W24,85.3
S88,W25,83.3
S88,W26,83.8
S89,W01,87
S89,W02,87.1
S89,W03,88.9
S89,W04,87.7
S89,W05,88
S89,W06,87.9
S89,W07,87.5
S89,W08,85.7
S89,W09,86.8
S89,W10,87.5
S89,W11,85.8
S89,W12,86.1
S89,W13,86.9
S89,W14,85.7
S89,W15,84.9
S89,W16,85.3
S89,W17,86
S89,W18,86
S89,W19,85.3
S89,W20,84.2
S89,W21,84
S89,W22,84.5
S89,W23,84.1
S89,W24,83.5
S89,W25,83.7
S89,W26,83.5
S90,W01,88.2
S90,W02,87.8
S90,W03,87.7
S90,W04,88.4
S90,W05,88
S90,W06,87.6
S90,W07,87.9
S90,W08,87.5
S90,W09,87.2
S90,W10,86.9
S90,W11,87
S90,W12,86.4
S90,W13,84.9
S90,W14,85.4
S90,W15,84.7
S90,W16,85.7
S90,W17,86.6
S90,W18,86.3
S90,W19,85.1
S90,W20,85.7
S90,W21,84.4
S90,W22,85.4
S90,W23,84.3
S90,W24,83.6
S90,W25,84.9
S90,W26,85.1
S91,W01,88.5
S91,W02,88.4
S91,W03,87.9
S91,W04,87.9
S91,W05,88.2
S91,W06,86
S91,W07,87.4
S91,W08,85.9
S91,W09,85.5
S91,W10,86
S91,W11,86.1
S91,W12,86.7
S91,W13,87
S91,W14,86.7
S91,W15,86.3
S91,W16,85.1
S91,W17,84.8
S91,W18,85.3
S91,W19,85.1
S91,W20,85.5
S91,W21,85.8
S91,W22,84.2
S91,W23,85.4
S91,W24,84.1
S91,W25,84.8
S91,W26,84.2
S92,W01,87
S92,W02,86.8
S92,W03,88.5
S92,W04,87.4
S92,W05,86.5
S92,W06,87.6
S92,W07,86.9
S92,W08,85.9
S92,W09,85.9
S92,W10,86
S92,W11,87.4
S92,W12,87.3
S92,W13,86.3
S92,W14,84.8
S92,W15,85.9
S92,W16,86.2
S92,W17,84.4
S92,W18,86
S92,W19,83.9
S92,W20,84.2
S92,W21,85.6
S92,W22,84.3
S92,W23,85
S92,W24,83.7
S92,W25,83.4
S92,W26,83.9
S93,W01,87.7
S93,W02,88.2
S93,W03,88.2
S93,W04,88.7
S93,W05,86.7
S93,W06,86.2
S93,W07,85.9
S93,W08,88
S93,W09,87.6
S93,W10,87.7
S93,W11,86.1
S93,W12,85.1
S93,W13,87
S93,W14,85.9
S93,W15,85.1
S93,W16,85.2
S93,W17,86.5
S93,W18,84.8
S93,W19,85.2
S93,W20,84.7
S93,W21,83.8
S93,W22,84.1
S93,W23,85.6
S93,W24,85.3
S93,W25,85.1
S93,W26,83.6
S94,W01,87.1
S94,W02,88.1
S94,W03,86.6
S94,W04,88.4
S94,W05,87.3
S94,W06,88.2
S94,W07,86.4
S94,W08,86.1
S94,W09,86.8
S94,W10,86.2
S94,W11,86.6
S94,W12,87.1
S94,W13,86
S94,W14,86.3
S94,W15,85.9
S94,W16,86
S94,W17,86.6
S94,W18,84.6
S94,W19,85.2
S94,W20,85.7
S94,W21,85
S94,W22,84.3
S94,W23,84.5
S94,W24,84.4
S94,W25,84.3
S94,W26,84.9
S95,W01,87.9
S95,W02,88.3
S95,W03,87.2
S95,W04,86.7
S95,W05,87.4
S95,W06,86.6
S95,W07,88
S95,W08,86.4
S95,W09,85.6
S95,W10,86.6
S95,W11,87.3
S95,W12,85.6
S95,W13,85.8
S95,W14,87
S95,W15,85.6
S95,W16,85.9
S95,W17,84.5
S95,W18,84.6
S95,W19,84.1
S95,W20,85.8
S95,W21,85.6
S95,W22,85.6
S95,W23,84.5
S95,W24,83.5
S95,W25,83.7
S95,W26,85.1
S96,W01,87.8
S96,W02,86.7
S96,W03,87.1
S96,W04,88.2
S96,W05,86.5
S96,W06,86.4
S96,W07,88.1
S96,W08,87
S96,W09,87.4
S96,W10,86
S96,W11,85.4
S96,W12,87
S96,W13,85.4
S96,W14,85
S96,W15,85.9
S96,W16,84.8
S96,W17,85.7
S96,W18,85.7
S96,W19,85.7
S96,W20,85.1
S96,W21,85.9
S96,W22,83.6
S96,W23,84
S96,W24,83.3
S96,W25,84.3
S96,W26,83.5
S97,W01,87.3
S97,W02,87.8
S97,W03,88.5
S97,W04,88.4
S97,W05,87
S97,W06,87.6
S97,W07,87.7
S97,W08,85.8
S97,W09,87.3
S97,W10,85.4
S97,W11,85.6
S97,W12,85.6
S97,W13,85.1
S97,W14,85.7
S97,W15,85.7
S97,W16,86.7
S97,W17,84.6
S97,W18,84.8
S97,W19,85.8
S97,W20,85.6
S97,W21,84.6
S97,W22,83.9
S97,W23,83.3
S97,W24,84.9
S97,W25,84.8
S97,W26,83.4
S98,W01,87.6
S98,W02,86.9
S98,W03,86.9
S98,W04,87.1
S98,W05,87.1
S98,W06,86.4
S98,W07,87.3
S98,W08,87.1
S98,W09,86
S98,W10,87
S98,W11,87.2
S98,W12,85.5
S98,W13,87.1
S98,W14,84.8
S98,W15,86.7
S98,W16,86.1
S98,W17,86.6
S98,W18,84.3
S98,W19,86.3
S98,W20,83.8
S98,W21,84.8
S98,W22,85.4
S98,W23,83.4
S98,W24,84.4
S98,W25,84.1
S98,W26,84.7
S99,W01,88.3
S99,W02,87.3
S99,W03,87.6
S99,W04,87.9
S99,W05,88
S99,W06,87.5
S99,W07,87.3
S99,W08,86.6
S99,W09,87.3
S99,W10,86
S99,W11,85.4
S99,W12,85.7
S99,W13,87.2
S99,W14,85.9
S99,W15,86.7
S99,W16,85.9
S99,W17,86.1
S99,W18,84.6
S99,W19,85.1
S99,W20,86.1
S99,W21,85.8
S99,W22,84.2
S99,W23,85.1
S99,W24,84.7
S99,W25,85.2
S99,W26,83.8
S100,W01,88.1
S100,W02,88.9
S100,W03,86.6
S100,W04,88.1
S100,W05,86.7
S100,W06,88.4
S100,W07,86.1
S100,W08,87.5
S100,W09,86.4
S100,W10,87
S100,W11,87.2
S100,W12,85.9
S100,W13,87.2
S100,W14,86.2
S100,W15,86.1
S100,W16,85.8
S100,W17,85.8
S100,W18,85.4
S100,W19,84.3
S100,W20,83.9
S100,W21,84.5
S100,W22,83.9
S100,W23,84.1
S100,W24,84.3
S100,W25,84.8
S100,W26,85
S101,W01,87.3
S101,W02,87
S101,W03,88.7
S101,W04,86.5
S101,W05,87.9
S101,W06,88
S101,W07,87.2
S101,W08,87.2
S101,W09,87.4
S101,W10,87.6
S101,W11,86.2
S101,W12,87.3
S101,W13,86.4
S101,W14,85.7
S101,W15,86.5
S101,W16,86.7
S101,W17,86.3
S101,W18,85.5
S101,W19,84.6
S101,W20,84.2
S101,W21,85.2
S101,W22,83.5
S101,W23,85.6
S101,W24,85
S101,W25,85.2
S101,W26,83.8
S102,W01,87
S102,W02,88.8
S102,W03,86.9
S102,W04,88.4
S102,W05,88.1
S102,W06,86.1
S102,W07,87.8
S102,W08,86.9
S102,W09,86.4
S102,W10,87.7
S102,W11,86.6
S102,W12,86.3
S102,W13,86.9
S102,W14,86.1
S102,W15,85.1
S102,W16,86.2
S102,W17,84.2
S102,W18,85.8
S102,W19,84.7
S102,W20,85.1
S102,W21,83.9
S102,W22,85.3
S102,W23,83.8
S102,W24,85.1
S102,W25,83.9
S102,W26,84.8
S103,W01,88.5
S103,W02,87.2
S103,W03,87.7
S103,W04,87.8
S103,W05,88.1
S103,W06,87.9
S103,W07,86.3
S103,W08,85.8
S103,W09,87.9
S103,W10,87.5
S103,W11,86.6
S103,W12,87.4
S103,W13,87
S103,W14,84.8
S103,W15,86.5
S103,W16,84.7
S103,W17,85.5
S103,W18,84.8
S103,W19,85.2
S103,W20,85.6
S103,W21,85.2
S103,W22,85.6
S103,W23,85.1
S103,W24,83.5
S103,W25,83.5
S103,W26,82.9
S104,W01,88.3
S104,W02,86.9
S104,W03,86.6
S104,W04,86.7
S104,W05,86.9
S104,W06,86.3
S104,W07,86.1
S104,W08,87.1
S104,W09,86
S104,W10,85.8
S104,W11,86.8
S104,W12,87.1
S104,W13,85.2
S104,W14,86.7
S104,W15,86.5
S104,W16,85.6
S104,W17,84.8
S104,W18,84.2
S104,W19,84
S104,W20,85.1
S104,W21,83.6
S104,W22,84
S104,W23,83.6
S104,W24,83.9
S104,W25,83.3
S104,W26,83.8
S105,W01,88.9
S105,W02,87.5
S105,W03,88.1
S105,W04,88.5
S105,W05,86.2
S105,W06,87
S105,W07,86.4
S105,W08,87.6
S105,W09,86.1
S105,W10,86.7
S105,W11,87.4
S105,W12,85.1
S105,W13,86.1
S105,W14,85.6
S105,W15,86
S105,W16,85.3
S105,W17,85.8
S105,W18,85.8
S105,W19,85.5
S105,W20,85.8
S105,W21,84.7
S105,W22,83.6
S105,W23,84.8
S105,W24,84.2
S105,W25,84.4
S105,W26,84.4
S106,W01,87.5
S106,W02,88.8
S106,W03,87.6
S106,W04,87.9
S106,W05,87.3
S106,W06,87.4
S106,W07,86
S106,W08,86.9
S106,W09,86.5
S106,W10,87.4
S106,W11,85.5
S106,W12,85.1
S106,W13,86
S106,W14,86.5
S106,W15,86.7
S106,W16,85.6
S106,W17,85.1
S106,W18,84.1
S106,W19,86.3
S106,W20,84.3
S106,W21,85.6
S106,W22,85.6
S106,W23,85.5
S106,W24,85.2
S106,W25,83.4
S106,W26,84.8
S107,W01,86.9
S107,W02,88.4
S107,W03,88.5
S107,W04,87.6
S107,W05,87.1
S107,W06,88.1
S107,W07,87.9
S107,W08,88.1
S107,W09,87.7
S107,W10,86.3
S107,W11,87.4
S107,W12,86.4
S107,W13,85.4
S107,W14,85.6
S107,W15,85
S107,W16,85.4
S107,W17,86.2
S107,W18,84.1
S107,W19,85.9
S107,W20,85.7
S107,W21,85
S107,W22,84.9
S107,W23,84.5
S107,W24,85.1
S107,W25,84.4
S107,W26,84.2
S108,W01,86.9
S108,W02,88.4
S108,W03,87.2
S108,W04,88.5
S108,W05,87.7
S108,W06,88.4
S108,W07,85.9
S108,W08,87.3
S108,W09,86.5
S108,W10,86
S108,W11,86.8
S108,W12,86.3
S108,W13,85.1
S108,W14,86.8
S108,W15,85.7
S108,W16,86.4
S108,W17,86.1
S108,W18,85.8
S108,W19,85.3
S108,W20,84.1
S108,W21,85
S108,W22,84.3
S108,W23,84.3
S108,W24,85.3
S108,W25,83.7
S108,W26,83.2
S109,W01,87.6
S109,W02,87.2
S109,W03,86.5
S109,W04,88.3
S109,W05,88
S109,W06,86.7
S109,W07,85.9
S109,W08,86.7
S109,W09,86.2
S109,W10,86
S109,W11,86
S109,W12,87.2
S109,W13,87.2
S109,W14,87.1
S109,W15,85.9
S109,W16,85.7
S109,W17,86.1
S109,W18,85
S109,W19,85.1
S109,W20,84
S109,W21,85.7
S109,W22,84.7
S109,W23,85.5
S109,W24,85.2
S109,W25,84.3
S109,W26,82.9
S110,W01,87.2
S110,W02,87.9
S110,W03,86.7
S110,W04,87.3
S110,W05,87.2
S110,W06,86.5
S110,W07,86.3
S110,W08,85.8
S110,W09,85.7
S110,W10,87.2
S110,W11,85.5
S110,W12,86
S110,W13,86.2
S110,W14,85.9
S110,W15,85
S110,W16,86.1
S110,W17,85.1
S110,W18,86.4
S110,W19,86.2
S110,W20,85.4
S110,W21,84.6
S110,W22,84.6
S110,W23,83.4
S110,W24,85.4
S110,W25,83.8
S110,W26,83
S111,W01,89
S111,W02,88.9
S111,W03,87.3
S111,W04,87
S111,W05,86.6
S111,W06,86.6
S111,W07,88.1
S111,W08,87.3
S111,W09,85.6
S111,W10,86.9
S111,W11,86.1
S111,W12,86.4
S111,W13,86.6
S111,W14,86.8
S111,W15,85.5
S111,W16,86.7
S111,W17,84.7
S111,W18,85.5
S111,W19,84.6
S111,W20,84.9
S111,W21,85.2
S111,W22,84.4
S111,W23,83.9
S111,W24,83.6
S111,W25,84.8
S111,W26,82.8
S112,W01,89.1
S112,W02,88.1
S112,W03,87.7
S112,W04,88.2
S112,W05,86.8
S112,W06,87.2
S112,W07,86.9
S112,W08,87.8
S112,W09,85.6
S112,W10,87
S112,W11,86.8
S112,W12,86.6
S112,W13,85.8
S112,W14,85.4
S112,W15,85
S112,W16,85.5
S112,W17,85.6
S112,W18,86.1
S112,W19,85.9
S112,W20,84.8
S112,W21,84.7
S112,W22,84.7
S112,W23,83.3
S112,W24,85.1
S112,W25,83.4
S112,W26,84.7
S113,W01,88.3
S113,W02,88.6
S113,W03,88.1
S113,W04,87.2
S113,W05,87.5
S113,W06,86.5
S113,W07,86.3
S113,W08,85.8
S113,W09,86.2
S113,W10,87.6
S113,W11,87
S113,W12,85.9
S113,W13,86.6
S113,W14,85.9
S113,W15,85.2
S113,W16,86.4
S113,W17,84.5
S113,W18,84.9
S113,W19,85.5
S113,W20,86.1
S113,W21,84.8
S113,W22,85.5
S113,W23,83.8
S113,W24,83.9
S113,W25,84.7
S113,W26,82.8
S114,W01,88.5
S114,W02,86.8
S114,W03,87.1
S114,W04,87.8
S114,W05,88.4
S114,W06,86.6
S114,W07,86.8
S114,W08,87.6
S114,W09,87.9
S114,W10,87.6
S114,W11,87.5
S114,W12,85.5
S114,W13,86.4
S114,W14,86.3
S114,W15,85.4
S114,W16,85.9
S114,W17,86.4
S114,W18,85
S114,W19,86
S114,W20,84.2
S114,W21,84.5
S114,W22,83.7
S114,W23,85.5
S114,W24,84.8
S114,W25,84.6
S114,W26,83.4
S115,W01,87.4
S115,W02,87.6
S115,W03,87.7
S115,W04,88.3
S115,W05,88.4
S115,W06,87.7
S115,W07,87
S115,W08,86.5
S115,W09,86.2
S115,W10,87
S115,W11,86.4
S115,W12,85.5
S115,W13,86.1
S115,W14,84.9
S115,W15,86.8
S115,W16,86.1
S115,W17,85.8
S115,W18,85.6
S115,W19,84.7
S115,W20,85.8
S115,W21,85.4
S115,W22,85.6
S115,W23,84.8
S115,W24,84.5
S115,W25,84.7
S115,W26,83.3
S116,W01,88.3
S116,W02,86.7
S116,W03,87.5
S116,W04,87.5
S116,W05,87.6
S116,W06,87.9
S116,W07,87.7
S116,W08,85.9
S116,W09,87.4
S116,W10,86
S116,W11,86.2
S116,W12,86.5
S116,W13,85.1
S116,W14,84.9
S116,W15,86
S116,W16,85.2
S116,W17,85.8
S116,W18,85.6
S116,W19,85.6
S116,W20,84.8
S116,W21,85.8
S116,W22,84.2
S116,W23,83.3
S116,W24,85.4
S116,W25,85
S116,W26,84.4
S117,W01,88.1
S117,W02,86.9
S117,W03,87.4
S117,W04,87
S117,W05,86.7
S117,W06,87.8
S117,W07,86.9
S117,W08,86.6
S117,W09,86.4
S117,W10,86.6
S117,W11,87.2
S117,W12,85.7
S117,W13,85.7
S117,W14,86.9
S117,W15,84.8
S117,W16,85.3
S117,W17,86.5
S117,W18,86
S117,W19,84.1
S117,W20,84
S117,W21,84.5
S117,W22,84.2
S117,W23,83.4
S117,W24,83.5
S117,W25,84.2
S117,W26,83.7
S118,W01,88.3
S118,W02,87
S118,W03,86.7
S118,W04,88.6
S118,W05,86.5
S118,W06,88
S118,W07,87.1
S118,W08,85.8
S118,W09,86.7
S118,W10,86.3
S118,W11,85.4
S118,W12,87.4
S118,W13,86
S118,W14,85.4
S118,W15,85.6
S118,W16,86.5
S118,W17,86.6
S118,W18,84.6
S118,W19,83.9
S118,W20,84.4
S118,W21,85.5
S118,W22,84.9
S118,W23,84.6
S118,W24,85.4
S118,W25,83.2
S118,W26,84.6
S119,W01,86.9
S119,W02,88.1
S119,W03,86.7
S119,W04,88.1
S119,W05,88.3
S119,W06,87.7
S119,W07,88.1
S119,W08,86.4
S119,W09,86.1
S119,W10,87.1
S119,W11,87.5
S119,W12,86.7
S119,W13,86
S119,W14,85.3
S119,W15,85.4
S119,W16,85.4
S119,W17,86.1
S119,W18,85.3
S119,W19,85.4
S119,W20,85.8
S119,W21,85
S119,W22,85.1
S119,W23,84.9
S119,W24,85.4
S119,W25,85.2
S119,W26,84.9
S120,W01,88.5
S120,W02,87.7
S120,W03,88.8
S120,W04,86.6
S120,W05,88.1
S120,W06,88.1
S120,W07,87.4
S120,W08,87.6
S120,W09,87.4
S120,W10,87.2
S120,W11,87.3
S120,W12,85.5
S120,W13,85.4
S120,W14,86.1
S120,W15,84.9
S120,W16,84.9
S120,W17,85.2
S120,W18,84.3
S120,W19,85.9
S120,W20,84.7
S120,W21,85.7
S120,W22,83.5
S120,W23,84.9
S120,W24,84
S120,W25,84.5
S120,W26,84.4
S121,W01,58.9
S121,W02,59.3
S121,W03,60.5
S121,W04,60.3
S121,W05,58.8
S121,W06,59
S121,W07,58.9
S121,W08,59.5
S121,W09,58
S121,W10,59.9
S121,W11,57.9
S121,W12,59.1
S121,W13,59.7
S121,W14,57.7
S121,W15,58.5
S121,W16,57.8
S121,W17,58.3
S121,W18,58.8
S121,W19,58.3
S121,W20,57.6
S121,W21,56.5
S121,W22,57.5
S121,W23,57.3
S121,W24,57.9
S121,W25,56.3
S121,W26,56.4
S122,W01,60.7
S122,W02,60.8
S122,W03,59.6
S122,W04,60.3
S122,W05,59.9
S122,W06,59.2
S122,W07,58.5
S122,W08,59
S122,W09,60.2
S122,W10,58.2
S122,W11,58.3
S122,W12,58.6
S122,W13,59
S122,W14,57.5
S122,W15,57.6
S122,W16,59.2
S122,W17,57
S122,W18,58.9
S122,W19,58.6
S122,W20,58.1
S122,W21,57.9
S122,W22,56.7
S122,W23,57.5
S122,W24,58.3
S122,W25,57.2
S122,W26,56.3
S123,W01,59.3
S123,W02,59.5
S123,W03,59
S123,W04,60.5
S123,W05,59.7
S123,W06,58.5
S123,W07,58.3
S123,W08,58.3
S123,W09,58
S123,W10,58
S123,W11,59.7
S123,W12,59.8
S123,W13,59.5
S123,W14,57.4
S123,W15,58.9
S123,W16,57.7
S123,W17,57.3
S123,W18,56.8
S123,W19,57.6
S123,W20,58
S123,W21,58.3
S123,W22,57
S123,W23,58.3
S123,W24,56.4
S123,W25,58.2
S123,W26,56.2
S124,W01,59.9
S124,W02,58.9
S124,W03,58.6
S124,W04,59.4
S124,W05,59.7
S124,W06,60.5
S124,W07,60.3
S124,W08,58.5
S124,W09,59.2
S124,W10,58.7
S124,W11,57.9
S124,W12,59.5
S124,W13,59.3
S124,W14,58.5
S124,W15,58.5
S124,W16,59.3
S124,W17,58.5
S124,W18,58.5
S124,W19,57.8
S124,W20,57.7
S124,W21,56.7
S124,W22,58.6
S124,W23,56.8
S124,W24,57.4
S124,W25,57.3
S124,W26,56.8
S125,W01,60
S125,W02,59.8
S125,W03,59
S125,W04,60.8
S125,W05,59
S125,W06,59.8
S125,W07,60.2
S125,W08,58.4
S125,W09,58.9
S125,W10,60
S125,W11,58
S125,W12,58.4
S125,W13,59.1
S125,W14,57.8
S125,W15,59.2
S125,W16,57.4
S125,W17,57.8
S125,W18,58.2
S125,W19,58.4
S125,W20,56.5
S125,W21,58.5
S125,W22,58.7
S125,W23,58.5
S125,W24,57.9
S125,W25,57.3
S125,W26,56.6
S126,W01,59.4
S126,W02,60.5
S126,W03,60.8
S126,W04,59.1
S126,W05,59.3
S126,W06,60
S126,W07,58.4
S126,W08,59.7
S126,W09,58.6
S126,W10,58.3
S126,W11,59.3
S126,W12,59.9
S126,W13,58
S126,W14,57.7
S126,W15,59
S126,W16,57.6
S126,W17,57.4
S126,W18,57
S126,W19,57
S126,W20,57
S126,W21,57.4
S126,W22,56.6
S126,W23,56.7
S126,W24,56.9
S126,W25,56.5
S126,W26,57.1
S127,W01,60.5
S127,W02,59.8
S127,W03,60.8
S127,W04,60.6
S127,W05,59.9
S127,W06,59.3
S127,W07,60
S127,W08,59.2
S127,W09,58.5
S127,W10,57.8
S127,W11,58.7
S127,W12,58
S127,W13,59
S127,W14,57.3
S127,W15,57.5
S127,W16,57
S127,W17,57.5
S127,W18,56.9
S127,W19,58.8
S127,W20,56.9
S127,W21,58.6
S127,W22,57.8
S127,W23,57.4
S127,W24,57.7
S127,W25,56.3
S127,W26,57.9
S128,W01,60.5
S128,W02,60.8
S128,W03,60.5
S128,W04,60.1
S128,W05,59.1
S128,W06,60.6
S128,W07,58.5
S128,W08,58.9
S128,W09,59.4
S128,W10,58.6
S128,W11,59
S128,W12,57.9
S128,W13,57.4
S128,W14,59.3
S128,W15,57.4
S128,W16,58.2
S128,W17,57
S128,W18,58.1
S128,W19,58.2
S128,W20,58.8
S128,W21,57.4
S128,W22,57.1
S128,W23,57.7
S128,W24,57.6
S128,W25,57.9
S128,W26,58.1
S129,W01,59.2
S129,W02,59.8
S129,W03,59.8
S129,W04,59.1
S129,W05,60.7
S129,W06,60.3
S129,W07,59.9
S129,W08,60.1
S129,W09,58.1
S129,W10,59
S129,W11,59.4
S129,W12,58.5
S129,W13,59.6
S129,W14,57.7
S129,W15,58.8
S129,W16,58.6
S129,W17,57.6
S129,W18,57
S129,W19,58.4
S129,W20,57.9
S129,W21,58.3
S129,W22,58.5
S129,W23,56.9
S129,W24,57.7
S129,W25,57.3
S129,W26,56.1
S130,W01,61
S130,W02,61
S130,W03,60.9
S130,W04,60.7
S130,W05,59.8
S130,W06,60.5
S130,W07,59.3
S130,W08,58.3
S130,W09,59.1
S130,W10,59.4
S130,W11,58.1
S130,W12,58.6
S130,W13,59
S130,W14,57.3
S130,W15,57.7
S130,W16,57.6
S130,W17,57.2
S130,W18,58.4
S130,W19,58.3
S130,W20,56.7
S130,W21,57.1
S130,W22,58.3
S130,W23,56.2
S130,W24,57.6
S130,W25,56.4
S130,W26,57.6
S131,W01,59.6
S131,W02,60.4
S131,W03,59.7
S131,W04,59.8
S131,W05,58.4
S131,W06,58.5
S131,W07,60.2
S131,W08,60
S131,W09,58.9
S131,W10,59.7
S131,W11,58.1
S131,W12,59
S131,W13,59
S131,W14,59.3
S131,W15,57.3
S131,W16,58
S131,W17,57.8
S131,W18,57.1
S131,W19,57.6
S131,W20,57.5
S131,W21,58.2
S131,W22,57.2
S131,W23,57.2
S131,W24,56.3
S131,W25,57.7
S131,W26,57.1
S132,W01,60.4
S132,W02,59.6
S132,W03,59
S132,W04,58.9
S132,W05,59.8
S132,W06,60.3
S132,W07,58.7
S132,W08,58.2
S132,W09,58.8
S132,W10,60.1
S132,W11,57.7
S132,W12,59.2
S132,W13,58.4
S132,W14,58.2
S132,W15,59.2
S132,W16,58.1
S132,W17,58.8
S132,W18,57.1
S132,W19,58.5
S132,W20,57.8
S132,W21,57.2
S132,W22,57.1
S132,W23,56.5
S132,W24,56.9
S132,W25,57.9
S132,W26,57.2
S133,W01,59.5
S133,W02,60.5
S133,W03,60.7
S133,W04,60.7
S133,W05,59.8
S133,W06,59.1
S133,W07,59.9
S133,W08,59.6
S133,W09,59
S133,W10,59.9
S133,W11,58.7
S133,W12,58.6
S133,W13,57.7
S133,W14,59.5
S133,W15,58.7
S133,W16,58.7
S133,W17,56.9
S133,W18,58.2
S133,W19,57.8
S133,W20,57.1
S133,W21,57.4
S133,W22,56.8
S133,W23,57
S133,W24,56.4
S133,W25,56.3
S133,W26,57.8
S134,W01,59.3
S134,W02,58.9
S134,W03,60.6
S134,W04,59.2
S134,W05,59.9
S134,W06,58.9
S134,W07,59.5
S134,W08,58
S134,W09,59.2
S134,W10,58.9
S134,W11,59.6
S134,W12,59.4
S134,W13,58.6
S134,W14,57.8
S134,W15,57.1
S134,W16,59.4
S134,W17,56.9
S134,W18,57.4
S134,W19,58.4
S134,W20,56.7
S134,W21,56.6
S134,W22,58
S134,W23,57.6
S134,W24,57.6
S134,W25,57.4
S134,W26,56.5
S135,W01,59.6
S135,W02,60.1
S135,W03,60.2
S135,W04,59.8
S135,W05,60.6
S135,W06,59.2
S135,W07,60.2
S135,W08,58.4
S135,W09,58.9
S135,W10,59.2
S135,W11,60
S135,W12,57.5
S135,W13,58.8
S135,W14,57.9
S135,W15,58.9
S135,W16,59.3
S135,W17,58.1
S135,W18,58.2
S135,W19,57.1
S135,W20,58.8
S135,W21,56.7
S135,W22,56.3
S135,W23,56.3
S135,W24,56.9
S135,W25,58.2
S135,W26,56.1
S136,W01,61.2
S136,W02,60.6
S136,W03,60.6
S136,W04,60.6
S136,W05,60.1
S136,W06,60.1
S136,W07,58.7
S136,W08,58.7
S136,W09,59.4
S136,W10,59.3
S136,W11,58.2
S136,W12,59.7
S136,W13,57.6
S136,W14,58.4
S136,W15,58
S136,W16,58.3
S136,W17,57.7
S136,W18,58.8
S136,W19,58.1
S136,W20,58.7
S136,W21,56.8
S136,W22,57.4
S136,W23,57.8
S136,W24,56.6
S136,W25,57.9
S136,W26,57.1
S137,W01,59.9
S137,W02,59.6
S137,W03,60.5
S137,W04,60.6
S137,W05,59.2
S137,W06,60.3
S137,W07,58.8
S137,W08,58.2
S137,W09,59.8
S137,W10,57.9
S137,W11,59.3
S137,W12,58
S137,W13,59.7
S137,W14,58.4
S137,W15,57.8
S137,W16,57.2
S137,W17,58.9
S137,W18,57
S137,W19,58.6
S137,W20,57.9
S137,W21,58.1
S137,W22,57.8
S137,W23,57.9
S137,W24,58.4
S137,W25,57.3
S137,W26,57.6
S138,W01,59.7
S138,W02,60.9
S138,W03,60.7
S138,W04,59
S138,W05,58.4
S138,W06,58.4
S138,W07,60.1
S138,W08,59
S138,W09,58.1
S138,W10,58
S138,W11,59.7
S138,W12,58.1
S138,W13,58.9
S138,W14,59.2
S138,W15,59.1
S138,W16,57.3
S138,W17,57
S138,W18,57.1
S138,W19,58.4
S138,W20,58.4
S138,W21,57.2
S138,W22,57.9
S138,W23,56.8
S138,W24,58.3
S138,W25,55.9
S138,W26,57.4
S139,W01,60.6
S139,W02,61
S139,W03,60.9
S139,W04,60.1
S139,W05,60.6
S139,W06,59.9
S139,W07,58.8
S139,W08,60
S139,W09,60.1
S139,W10,58.5
S139,W11,58.3
S139,W12,59.3
S139,W13,59.4
S139,W14,57.7
S139,W15,59.2
S139,W16,58
S139,W17,57.3
S139,W18,57.4
S139,W19,58.3
S139,W20,57.4
S139,W21,57.3
S139,W22,58.6
S139,W23,56.4
S139,W24,57.1
S139,W25,58.3
S139,W26,57.5
S140,W01,59.2
S140,W02,59.8
S140,W03,60.8
S140,W04,60.8
S140,W05,58.5
S140,W06,58.2
S140,W07,60.1
S140,W08,59.1
S140,W09,58.3
S140,W10,58.4
S140,W11,59
S140,W12,58.2
S140,W13,59.7
S140,W14,57.6
S140,W15,57.2
S140,W16,57.5
S140,W17,57
S140,W18,58.4
S140,W19,57.2
S140,W20,56.6
S140,W21,57.3
S140,W22,58.5
S140,W23,57.3
S140,W24,57.4
S140,W25,56
S140,W26,56
S141,W01,59
S141,W02,61.1
S141,W03,60.7
S141,W04,60.2
S141,W05,59.9
S141,W06,58.7
S141,W07,59.8
S141,W08,58.1
S141,W09,58.7
S141,W10,60.1
S141,W11,58.2
S141,W12,59.4
S141,W13,58.3
S141,W14,57.5
S141,W15,58
S141,W16,57.1
S141,W17,58.1
S141,W18,59
S141,W19,58.3
S141,W20,58.8
S141,W21,58.3
S141,W22,56.9
S141,W23,57.1
S141,W24,56.6
S141,W25,58.1
S141,W26,56.5
S142,W01,59.3
S142,W02,59.4
S142,W03,59.5
S142,W04,59.1
S142,W05,59.1
S142,W06,59.8
S142,W07,59.7
S142,W08,58.7
S142,W09,59.7
S142,W10,59.8
S142,W11,58.5
S142,W12,58.4
S142,W13,58.5
S142,W14,58.5
S142,W15,58.8
S142,W16,58.9
S142,W17,57.5
S142,W18,57.1
S142,W19,59
S142,W20,57.6
S142,W21,58.4
S142,W22,58.2
S142,W23,57.9
S142,W24,58.4
S142,W25,57.7
S142,W26,58.2
S143,W01,60
S143,W02,61.1
S143,W03,59.2
S143,W04,60.1
S143,W05,59.1
S143,W06,60.3
S143,W07,58.6
S143,W08,58.4
S143,W09,59.7
S143,W10,60.1
S143,W11,57.9
S143,W12,57.7
S143,W13,58.4
S143,W14,58.6
S143,W15,59
S143,W16,57.3
S143,W17,57.1
S143,W18,58.9
S143,W19,57.6
S143,W20,58.2
S143,W21,56.9
S143,W22,56.5
S143,W23,58.3
S143,W24,56.5
S143,W25,57.1
S143,W26,57.3
S144,W01,59.3
S144,W02,60.7
S144,W03,59.1
S144,W04,60.6
S144,W05,60.7
S144,W06,59.2
S144,W07,60.1
S144,W08,59.5
S144,W09,58.2
S144,W10,59.2
S144,W11,57.7
S144,W12,57.7
S144,W13,57.7
S144,W14,58.7
S144,W15,57.3
S144,W16,58.9
S144,W17,58.7
S144,W18,58.3
S144,W19,57.5
S144,W20,57.8
S144,W21,57.4
S144,W22,57.6
S144,W23,56.7
S144,W24,57.5
S144,W25,56.8
S144,W26,56
S145,W01,60.8
S145,W02,59.3
S145,W03,60.1
S145,W04,59.9
S145,W05,59.5
S145,W06,60
S145,W07,60.2
S145,W08,58.5
S145,W09,59.7
S145,W10,58.1
S145,W11,57.8
S145,W12,59.1
S145,W13,59.2
S145,W14,57.5
S145,W15,59
S145,W16,57.3
S145,W17,59
S145,W18,59.1
S145,W19,58.5
S145,W20,58.4
S145,W21,58.3
S145,W22,58.2
S145,W23,58.4
S145,W24,57.4
S145,W25,57.3
S145,W26,56.6
S146,W01,60.3
S146,W02,60.7
S146,W03,59.9
S146,W04,59.2
S146,W05,60.3
S146,W06,59.3
S146,W07,59.2
S146,W08,58.5
S146,W09,60.1
S146,W10,58.9
S146,W11,59.9
S146,W12,57.6
S146,W13,58.5
S146,W14,59.4
S146,W15,59.5
S146,W16,58.4
S146,W17,58.2
S146,W18,58.7
S146,W19,58.4
S146,W20,57.3
S146,W21,57
S146,W22,56.4
S146,W23,56.4
S146,W24,57.1
S146,W25,57.5
S146,W26,57.2
S147,W01,61.2
S147,W02,59.6
S147,W03,59.6
S147,W04,58.4
S147,W05,59
S147,W06,59
S147,W07,59.4
S147,W08,59.7
S147,W09,59.8
S147,W10,57.8
S147,W11,59.6
S147,W12,59.8
S147,W13,58.5
S147,W14,59.1
S147,W15,58.3
S147,W16,57
S147,W17,59.1
S147,W18,58.5
S147,W19,56.6
S147,W20,58.5
S147,W21,58
S147,W22,56.8
S147,W23,57.9
S147,W24,57.5
S147,W25,58
S147,W26,57.3
S148,W01,59.7
S148,W02,61.1
S148,W03,60.1
S148,W04,59
S148,W05,59.3
S148,W06,58.3
S148,W07,58.9
S148,W08,58.9
S148,W09,58.2
S148,W10,58
S148,W11,59.9
S148,W12,58.1
S148,W13,58.6
S148,W14,58.6
S148,W15,58
S148,W16,58
S148,W17,57.8
S148,W18,59.1
S148,W19,58.6
S148,W20,58.1
S148,W21,57.4
S148,W22,58
S148,W23,56.9
S148,W24,56.8
S148,W25,57.9
S148,W26,57.9
S149,W01,60.5
S149,W02,59.1
S149,W03,59.4
S149,W04,60.1
S149,W05,59.8
S149,W06,58.5
S149,W07,58.4
S149,W08,58.1
S149,W09,58.5
S149,W10,58.8
S149,W11,58
S149,W12,59.7
S149,W13,58
S149,W14,58.1
S149,W15,59.3
S149,W16,59.3
S149,W17,58.7
S149,W18,57.1
S149,W19,58.1
S149,W20,57.7
S149,W21,57.1
S149,W22,57.6
S149,W23,57.5
S149,W24,57.3
S149,W25,56.8
S149,W26,56.2
S150,W01,60.8
S150,W02,60.1
S150,W03,59.8
S150,W04,58.9
S150,W05,58.8
S150,W06,58.7
S150,W07,60
S150,W08,58
S150,W09,58.5
S150,W10,58
S150,W11,57.8
S150,W12,57.6
S150,W13,57.9
S150,W14,58.6
S150,W15,59.1
S150,W16,57.2
S150,W17,58
S150,W18,58.8
S150,W19,58.6
S150,W20,58.4
S150,W21,58
S150,W22,57.8
S150,W23,57.1
S150,W24,57.2
S150,W25,57.8
S150,W26,56.8
S151,W01,61
S151,W02,61
S151,W03,58.9
S151,W04,60.3
S151,W05,59.3
S151,W06,60.1
S151,W07,58.5
S151,W08,58
S151,W09,60
S151,W10,58
S151,W11,60
S151,W12,58.3
S151,W13,59.3
S151,W14,57.4
S151,W15,57.5
S151,W16,58.8
S151,W17,57.4
S151,W18,57.1
S151,W19,57.8
S151,W20,56.8
S151,W21,56.8
S151,W22,56.7
S151,W23,56.2
S151,W24,56.3
S151,W25,56
S151,W26,57.5
S152,W01,60.4
S152,W02,59
S152,W03,60.2
S152,W04,59.6
S152,W05,59.5
S152,W06,58.6
S152,W07,59.9
S152,W08,58.2
S152,W09,58
S152,W10,59.3
S152,W11,59.1
S152,W12,58.6
S152,W13,59.2
S152,W14,58.8
S152,W15,58.9
S152,W16,58.1
S152,W17,57
S152,W18,57
S152,W19,57
S152,W20,57.5
S152,W21,58.7
S152,W22,57.4
S152,W23,57.5
S152,W24,57.7
S152,W25,57.5
S152,W26,55.8
S153,W01,60.3
S153,W02,59.3
S153,W03,59.9
S153,W04,60.3
S153,W05,59.8
S153,W06,60.3
S153,W07,59.9
S153,W08,59.3
S153,W09,58
S153,W10,59.1
S153,W11,59.3
S153,W12,59.6
S153,W13,57.4
S153,W14,59.6
S153,W15,58.6
S153,W16,58.4
S153,W17,59
S153,W18,58.2
S153,W19,56.8
S153,W20,57.4
S153,W21,58.6
S153,W22,57.4
S153,W23,56.4
S153,W24,58.2
S153,W25,57.2
S153,W26,58
S154,W01,60.4
S154,W02,58.7
S154,W03,59.6
S154,W04,59.9
S154,W05,59.6
S154,W06,60.3
S154,W07,59.5
S154,W08,59
S154,W09,59.3
S154,W10,59.6
S154,W11,59.3
S154,W12,58.9
S154,W13,58.6
S154,W14,59.5
S154,W15,58.7
S154,W16,57.4
S154,W17,57.7
S154,W18,58.5
S154,W19,58.4
S154,W20,57.6
S154,W21,57.9
S154,W22,57.5
S154,W23,58.4
S154,W24,58.4
S154,W25,55.9
S154,W26,58.1
S155,W01,60.9
S155,W02,59.1
S155,W03,59.8
S155,W04,59.4
S155,W05,59.7
S155,W06,58.3
S155,W07,59.2
S155,W08,58.9
S155,W09,59.5
S155,W10,59
S155,W11,59.8
S155,W12,58
S155,W13,58.3
S155,W14,57.4
S155,W15,58.4
S155,W16,57.8
S155,W17,56.9
S155,W18,58.2
S155,W19,59
S155,W20,58.6
S155,W21,57.7
S155,W22,56.7
S155,W23,58.1
S155,W24,57.1
S155,W25,57.5
S155,W26,57.1
S156,W01,59.6
S156,W02,59.6
S156,W03,59.8
S156,W04,59.6
S156,W05,58.4
S156,W06,59.8
S156,W07,60.4
S156,W08,59.6
S156,W09,58.1
S156,W10,59.7
S156,W11,59.9
S156,W12,58.2
S156,W13,58.4
S156,W14,59.6
S156,W15,57.2
S156,W16,57.4
S156,W17,57.4
S156,W18,58
S156,W19,57.9
S156,W20,57.6
S156,W21,57.4
S156,W22,57.4
S156,W23,57.4
S156,W24,56.6
S156,W25,57.1
S156,W26,57
S157,W01,59.7
S157,W02,58.7
S157,W03,59.8
S157,W04,59.9
S157,W05,60.2
S157,W06,58.3
S157,W07,58.4
S157,W08,59.1
S157,W09,59.3
S157,W10,59.6
S157,W11,59.4
S157,W12,58.4
S157,W13,57.9
S157,W14,59.1
S157,W15,58.5
S157,W16,57.1
S157,W17,58.7
S157,W18,58.1
S157,W19,57
S157,W20,56.8
S157,W21,58.2
S157,W22,56.7
S157,W23,58.4
S157,W24,56.2
S157,W25,56.9
S157,W26,57.9
S158,W01,59.3
S158,W02,59.8
S158,W03,58.9
S158,W04,60.7
S158,W05,59.7
S158,W06,58.7
S158,W07,60.1
S158,W08,59.1
S158,W09,58.8
S158,W10,58.8
S158,W11,58.5
S158,W12,59.8
S158,W13,59.6
S158,W14,59.5
S158,W15,57.9
S158,W16,57.2
S158,W17,57.1
S158,W18,56.8
S158,W19,57.4
S158,W20,58.9
S158,W21,57.2
S158,W22,56.5
S158,W23,56.8
S158,W24,56.4
S158,W25,56.7
S158,W26,57.7
S159,W01,60.1
S159,W02,59.5
S159,W03,60.7
S159,W04,59.1
S159,W05,60.2
S159,W06,59.4
S159,W07,59.5
S159,W08,60
S159,W09,59.1
S159,W10,58.9
S159,W11,57.9
S159,W12,59.7
S159,W13,58.3
S159,W14,58.2
S159,W15,58.5
S159,W16,57.1
S159,W17,57.1
S159,W18,58.9
S159,W19,57.7
S159,W20,57.7
S159,W21,56.7
S159,W22,57.1
S159,W23,56.9
S159,W24,56.9
S159,W25,57.3
S159,W26,56.6
S160,W01,60.9
S160,W02,59.6
S160,W03,60.2
S160,W04,60.3
S160,W05,60.5
S160,W06,58.6
S160,W07,60.4
S160,W08,58.1
S160,W09,58.6
S160,W10,59
S160,W11,58.3
S160,W12,57.6
S160,W13,58.2
S160,W14,58.3
S160,W15,59
S160,W16,57.6
S160,W17,59.2
S160,W18,58.2
S160,W19,58.1
S160,W20,58.3
S160,W21,57.4
S160,W22,56.6
S160,W23,57.3
S160,W24,56.6
S160,W25,58.1
S160,W26,57.6
S161,W01,59
S161,W02,59.4
S161,W03,58.9
S161,W04,60.4
S161,W05,60.1
S161,W06,58.5
S161,W07,60
S161,W08,59.6
S161,W09,58.6
S161,W10,58.8
S161,W11,58.6
S161,W12,59.8
S161,W13,59.2
S161,W14,57.8
S161,W15,59.1
S161,W16,59
S161,W17,57.5
S161,W18,57.6
S161,W19,57.2
S161,W20,56.7
S161,W21,57.9
S161,W22,57.2
S161,W23,57.5
S161,W24,56.8
S161,W25,56.5
S161,W26,57.8
S162,W01,60.5
S162,W02,58.7
S162,W03,60.9
S162,W04,59.8
S162,W05,60.2
S162,W06,58.9
S162,W07,59
S162,W08,59.7
S162,W09,58.5
S162,W10,59.1
S162,W11,59
S162,W12,57.9
S162,W13,58.5
S162,W14,59.4
S162,W15,58.2
S162,W16,57.7
S162,W17,57.1
S162,W18,58
S162,W19,57.5
S162,W20,58.1
S162,W21,56.4
S162,W22,57.1
S162,W23,57.8
S162,W24,58.4
S162,W25,56.5
S162,W26,57.3
S163,W01,58.9
S163,W02,60.1
S163,W03,60
S163,W04,60.8
S163,W05,60.7
S163,W06,60.4
S163,W07,60.4
S163,W08,58.8
S163,W09,58.6
S163,W10,59.4
S163,W11,57.9
S163,W12,59.5
S163,W13,58.2
S163,W14,59.3
S163,W15,59.4
S163,W16,58
S163,W17,57.8
S163,W18,58.1
S163,W19,57.1
S163,W20,57
S163,W21,56.5
S163,W22,57.1
S163,W23,57.3
S163,W24,57.2
S163,W25,57.8
S163,W26,57.2
S164,W01,59.8
S164,W02,59.4
S164,W03,59.7
S164,W04,60.8
S164,W05,60.4
S164,W06,59.7
S164,W07,59.4
S164,W08,59.9
S164,W09,59.7
S164,W10,58
S164,W11,58.9
S164,W12,59.7
S164,W13,57.9
S164,W14,57.3
S164,W15,57.1
S164,W16,57.2
S164,W17,57.7
S164,W18,58.3
S164,W19,56.8
S164,W20,57.1
S164,W21,58
S164,W22,56.3
S164,W23,56.2
S164,W24,58.4
S164,W25,56
S164,W26,55.8
S165,W01,59.7
S165,W02,60.4
S165,W03,59.7
S165,W04,60
S165,W05,58.6
S165,W06,60.6
S165,W07,59.8
S165,W08,58.4
S165,W09,60
S165,W10,60.1
S165,W11,58.6
S165,W12,59.1
S165,W13,58.5
S165,W14,58.8
S165,W15,58.4
S165,W16,57
S165,W17,57.8
S165,W18,58.1
S165,W19,57.1
S165,W20,57.8
S165,W21,57.5
S165,W22,58.2
S165,W23,57
S165,W24,58.1
S165,W25,56.8
S165,W26,57.7
S166,W01,60.6
S166,W02,60.1
S166,W03,58.9
S166,W04,59.5
S166,W05,60.5
S166,W06,58.4
S166,W07,59.1
S166,W08,59.5
S166,W09,59.9
S166,W10,58.7
S166,W11,58.5
S166,W12,59.1
S166,W13,57.4
S166,W14,58.2
S166,W15,57.7
S166,W16,58.5
S166,W17,58.8
S166,W18,58.6
S166,W19,58.4
S166,W20,58.2
S166,W21,57.3
S166,W22,56.5
S166,W23,57.4
S166,W24,57.2
S166,W25,56.2
S166,W26,56.8
S167,W01,59.9
S167,W02,60.1
S167,W03,59.4
S167,W04,59.4
S167,W05,58.8
S167,W06,59.2
S167,W07,60.2
S167,W08,58.5
S167,W09,60.1
S167,W10,59.7
S167,W11,59.5
S167,W12,58.1
S167,W13,59
S167,W14,58.8
S167,W15,58.9
S167,W16,57.9
S167,W17,58.3
S167,W18,57.3
S167,W19,58.6
S167,W20,58.1
S167,W21,58
S167,W22,56.3
S167,W23,57.9
S167,W24,58.4
S167,W25,57.1
S167,W26,57.7
S168,W01,60
S168,W02,59.5
S168,W03,59.8
S168,W04,59.9
S168,W05,59.1
S168,W06,58.4
S168,W07,59.8
S168,W08,59.6
S168,W09,59
S168,W10,58.4
S168,W11,58
S168,W12,58.8
S168,W13,59.6
S168,W14,57.6
S168,W15,59.5
S168,W16,58.2
S168,W17,57.9
S168,W18,57.1
S168,W19,58
S168,W20,57.8
S168,W21,57.9
S168,W22,56.8
S168,W23,56.4
S168,W24,58.4
S168,W25,56.3
S168,W26,55.9
S169,W01,59.3
S169,W02,60.6
S169,W03,59.2
S169,W04,58.8
S169,W05,58.9
S169,W06,59.7
S169,W07,60.1
S169,W08,59
S169,W09,59.8
S169,W10,57.9
S169,W11,57.7
S169,W12,58.9
S169,W13,59.2
S169,W14,58
S169,W15,58
S169,W16,57.2
S169,W17,59
S169,W18,57.5
S169,W19,57.1
S169,W20,58.4
S169,W21,58.7
S169,W22,56.6
S169,W23,57.3
S169,W24,57.7
S169,W25,58
S169,W26,57.4
S170,W01,59.2
S170,W02,59.2
S170,W03,58.8
S170,W04,59.5
S170,W05,59.9
S170,W06,59.6
S170,W07,58.7
S170,W08,59
S170,W09,58.3
S170,W10,59.6
S170,W11,58.1
S170,W12,57.9
S170,W13,58.4
S170,W14,59.4
S170,W15,57.5
S170,W16,57.8
S170,W17,57.7
S170,W18,58.3
S170,W19,57.2
S170,W20,57.4
S170,W21,57.4
S170,W22,58.5
S170,W23,56.3
S170,W24,56.2
S170,W25,57.8
S170,W26,56.8
S171,W01,31.1
S171,W02,30.8
S171,W03,30.8
S171,W04,30.3
S171,W05,30.2
S171,W06,30.5
S171,W07,29.6
S171,W08,30.6
S171,W09,28.9
S171,W10,29.4
S171,W11,30.1
S171,W12,28.4
S171,W13,29.3
S171,W14,29.2
S171,W15,29.8
S171,W16,29
S171,W17,28
S171,W18,28.2
S171,W19,28.8
S171,W20,27.8
S171,W21,29.8
S171,W22,27.9
S171,W23,28.1
S171,W24,27.7
S171,W25,28.8
S171,W26,28.3
S172,W01,29.8
S172,W02,30.5
S172,W03,30.5
S172,W04,29.1
S172,W05,29.2
S172,W06,29.5
S172,W07,29.7
S172,W08,28.6
S172,W09,28.7
S172,W10,30.3
S172,W11,28.4
S172,W12,28.6
S172,W13,30
S172,W14,30.4
S172,W15,29.3
S172,W16,29
S172,W17,28.2
S172,W18,28.4
S172,W19,29.9
S172,W20,29
S172,W21,29.4
S172,W22,28.3
S172,W23,29.8
S172,W24,27.4
S172,W25,29.2
S172,W26,28.5
S173,W01,31
S173,W02,30.4
S173,W03,28.8
S173,W04,30.5
S173,W05,30.5
S173,W06,30.9
S173,W07,28.6
S173,W08,30.5
S173,W09,29.3
S173,W10,30
S173,W11,29.9
S173,W12,29.9
S173,W13,29.9
S173,W14,30
S173,W15,29.5
S173,W16,29.4
S173,W17,28.5
S173,W18,29.3
S173,W19,27.8
S173,W20,28.9
S173,W21,27.7
S173,W22,29.6
S173,W23,28.2
S173,W24,28.3
S173,W25,28.4
S173,W26,28.7
S174,W01,30.8
S174,W02,30.3
S174,W03,28.7
S174,W04,28.9
S174,W05,30.6
S174,W06,29
S174,W07,29.4
S174,W08,29.7
S174,W09,28.4
S174,W10,30.1
S174,W11,28.3
S174,W12,30.2
S174,W13,30.3
S174,W14,30.1
S174,W15,28.3
S174,W16,28.6
S174,W17,29.9
S174,W18,29.7
S174,W19,29.4
S174,W20,28.2
S174,W21,29.1
S174,W22,28.1
S174,W23,27.9
S174,W24,28.2
S174,W25,27.4
S174,W26,28.2
S175,W01,30.7
S175,W02,28.9
S175,W03,30.3
S175,W04,29.9
S175,W05,30.4
S175,W06,29.4
S175,W07,29.7
S175,W08,28.4
S175,W09,29.2
S175,W10,30.5
S175,W11,28.8
S175,W12,28.9
S175,W13,30
S175,W14,29.7
S175,W15,30.1
S175,W16,30.2
S175,W17,29
S175,W18,28.9
S175,W19,28.9
S175,W20,27.9
S175,W21,29.1
S175,W22,28
S175,W23,27.6
S175,W24,28.2
S175,W25,28
S175,W26,29.4
S176,W01,30.9
S176,W02,28.8
S176,W03,30.5
S176,W04,30.6
S176,W05,30.5
S176,W06,30.8
S176,W07,30.5
S176,W08,29.1
S176,W09,30.5
S176,W10,29.5
S176,W11,28.8
S176,W12,29.7
S176,W13,28.4
S176,W14,28.4
S176,W15,30.1
S176,W16,28.3
S176,W17,28.1
S176,W18,27.8
S176,W19,29.1
S176,W20,28.6
S176,W21,29.3
S176,W22,27.7
S176,W23,29
S176,W24,29.3
S176,W25,29.1
S176,W26,28.6
S177,W01,30.8
S177,W02,28.9
S177,W03,29.1
S177,W04,28.7
S177,W05,30
S177,W06,30.3
S177,W07,28.7
S177,W08,29.9
S177,W09,29.9
S177,W10,30.4
S177,W11,30.1
S177,W12,28.7
S177,W13,29.8
S177,W14,28.9
S177,W15,28.8
S177,W16,29.7
S177,W17,28.9
S177,W18,28.3
S177,W19,29.2
S177,W20,28
S177,W21,28.6
S177,W22,29.1
S177,W23,28
S177,W24,28.7
S177,W25,27.8
S177,W26,28.9
S178,W01,29.2
S178,W02,29.9
S178,W03,28.8
S178,W04,29
S178,W05,30.8
S178,W06,30.5
S178,W07,30
S178,W08,28.4
S178,W09,28.7
S178,W10,29.8
S178,W11,30.6
S178,W12,30.4
S178,W13,28.5
S178,W14,29.7
S178,W15,30.1
S178,W16,29.5
S178,W17,28
S178,W18,29.6
S178,W19,28.2
S178,W20,28.2
S178,W21,29.1
S178,W22,28
S178,W23,28.5
S178,W24,28.2
S178,W25,27.6
S178,W26,27.4
S179,W01,29.7
S179,W02,30.7
S179,W03,29.1
S179,W04,31
S179,W05,30
S179,W06,30.6
S179,W07,29.7
S179,W08,28.7
S179,W09,30.5
S179,W10,28.8
S179,W11,28.5
S179,W12,28.9
S179,W13,29.9
S179,W14,28.7
S179,W15,29.4
S179,W16,28.5
S179,W17,29.9
S179,W18,29.4
S179,W19,28.3
S179,W20,29.8
S179,W21,28.3
S179,W22,29
S179,W23,29
S179,W24,28.7
S179,W25,27.5
S179,W26,27.4
S180,W01,29.6
S180,W02,30.2
S180,W03,30.2
S180,W04,30.9
S180,W05,30.1
S180,W06,29.5
S180,W07,28.5
S180,W08,29.8
S180,W09,30
S180,W10,30.6
S180,W11,29
S180,W12,28.9
S180,W13,29.6
S180,W14,28.3
S180,W15,29.6
S180,W16,28.2
S180,W17,29.7
S180,W18,28.9
S180,W19,28.7
S180,W20,28.8
S180,W21,28.3
S180,W22,29.4
S180,W23,29.4
S180,W24,28.8
S180,W25,28.2
S180,W26,27.4
S181,W01,29.9
S181,W02,30.5
S181,W03,30.5
S181,W04,29.9
S181,W05,28.6
S181,W06,29
S181,W07,29
S181,W08,28.6
S181,W09,29.2
S181,W10,28.7
S181,W11,30
S181,W12,28.2
S181,W13,29
S181,W14,30.2
S181,W15,28.1
S181,W16,29.4
S181,W17,28.9
S181,W18,29.6
S181,W19,29.9
S181,W20,28.2
S181,W21,27.9
S181,W22,27.6
S181,W23,28.4
S181,W24,27.5
S181,W25,29.1
S181,W26,29.5
S182,W01,29.2
S182,W02,30.6
S182,W03,30.9
S182,W04,30.5
S182,W05,29.7
S182,W06,29.8
S182,W07,28.5
S182,W08,30.4
S182,W09,29.2
S182,W10,29.5
S182,W11,28.3
S182,W12,29.4
S182,W13,28.2
S182,W14,29.6
S182,W15,28.7
S182,W16,28.1
S182,W17,29.5
S182,W18,29.8
S182,W19,28.8
S182,W20,28
S182,W21,28.1
S182,W22,29.3
S182,W23,28.4
S182,W24,29.3
S182,W25,29.7
S182,W26,28.5
S183,W01,28.9
S183,W02,31.1
S183,W03,29.8
S183,W04,30.7
S183,W05,30.7
S183,W06,29.1
S183,W07,29.5
S183,W08,29.8
S183,W09,28.8
S183,W10,29.7
S183,W11,29.5
S183,W12,30.4
S183,W13,29.1
S183,W14,29.4
S183,W15,30.3
S183,W16,29.1
S183,W17,28.1
S183,W18,30
S183,W19,29.3
S183,W20,29.8
S183,W21,28
S183,W22,28.9
S183,W23,27.5
S183,W24,27.9
S183,W25,27.5
S183,W26,27.6
S184,W01,30
S184,W02,29.4
S184,W03,29.2
S184,W04,30.2
S184,W05,30.2
S184,W06,30.6
S184,W07,29.7
S184,W08,29.9
S184,W09,30.4
S184,W10,28.9
S184,W11,29.4
S184,W12,30.4
S184,W13,28.1
S184,W14,29.4
S184,W15,29.9
S184,W16,29.7
S184,W17,30
S184,W18,27.9
S184,W19,28.4
S184,W20,29
S184,W21,28.4
S184,W22,29.9
S184,W23,28.3
S184,W24,29.4
S184,W25,28.8
S184,W26,27.6
S185,W01,29.5
S185,W02,29.5
S185,W03,29.7
S185,W04,30.8
S185,W05,30.8
S185,W06,29.6
S185,W07,30
S185,W08,29.1
S185,W09,28.4
S185,W10,28.9
S185,W11,30.2
S185,W12,28.9
S185,W13,29
S185,W14,28.2
S185,W15,28.3
S185,W16,28.9
S185,W17,29
S185,W18,28.9
S185,W19,27.9
S185,W20,27.9
S185,W21,30
S185,W22,28.1
S185,W23,29.6
S185,W24,28.9
S185,W25,28.1
S185,W26,27.4
S186,W01,31.1
S186,W02,29.6
S186,W03,30.1
S186,W04,29.7
S186,W05,29.5
S186,W06,29.1
S186,W07,28.9
S186,W08,28.8
S186,W09,30
S186,W10,29.6
S186,W11,28.2
S186,W12,30.5
S186,W13,30.4
S186,W14,29.4
S186,W15,29.3
S186,W16,29
S186,W17,29.3
S186,W18,28
S186,W19,28.5
S186,W20,28.2
S186,W21,30
S186,W22,29.2
S186,W23,28
S186,W24,28.2
S186,W25,27.5
S186,W26,29.4
S187,W01,29.5
S187,W02,30
S187,W03,30.9
S187,W04,29
S187,W05,31
S187,W06,28.8
S187,W07,28.7
S187,W08,29.2
S187,W09,30.1
S187,W10,29.8
S187,W11,30.3
S187,W12,30.4
S187,W13,29.9
S187,W14,30
S187,W15,28.7
S187,W16,28.2
S187,W17,28.3
S187,W18,28.7
S187,W19,29
S187,W20,28.2
S187,W21,29.9
S187,W22,29
S187,W23,28.7
S187,W24,28.1
S187,W25,29
S187,W26,27.9
S188,W01,30.7
S188,W02,29
S188,W03,29.2
S188,W04,29.5
S188,W05,29.4
S188,W06,29.1
S188,W07,30
S188,W08,29.4
S188,W09,29.6
S188,W10,29.2
S188,W11,29.1
S188,W12,29.6
S188,W13,29.5
S188,W14,28.1
S188,W15,30.1
S188,W16,29.2
S188,W17,28.8
S188,W18,29.7
S188,W19,29.7
S188,W20,29.3
S188,W21,28.8
S188,W22,28.6
S188,W23,28.2
S188,W24,28.2
S188,W25,29.1
S188,W26,27.6
S189,W01,29.6
S189,W02,30.4
S189,W03,29.4
S189,W04,30.9
S189,W05,30.6
S189,W06,30.7
S189,W07,28.8
S189,W08,29.5
S189,W09,29
S189,W10,28.6
S189,W11,28.4
S189,W12,30.3
S189,W13,29.5
S189,W14,28.2
S189,W15,28.9
S189,W16,30.2
S189,W17,29.7
S189,W18,29.7
S189,W19,29.3
S189,W20,28.9
S189,W21,28.6
S189,W22,29.3
S189,W23,28.8
S189,W24,27.9
S189,W25,28.5
S189,W26,28.2
S190,W01,30.6
S190,W02,28.8
S190,W03,30.7
S190,W04,30.4
S190,W05,30.4
S190,W06,29.4
S190,W07,29.9
S190,W08,29.2
S190,W09,30.4
S190,W10,29.4
S190,W11,30
S190,W12,30.1
S190,W13,29.3
S190,W14,30.3
S190,W15,30.3
S190,W16,30.2
S190,W17,28.9
S190,W18,29.6
S190,W19,29.6
S190,W20,30
S190,W21,28.9
S190,W22,29.7
S190,W23,28.1
S190,W24,28.2
S190,W25,28.8
S190,W26,28
S191,W01,30.1
S191,W02,30.7
S191,W03,31
S191,W04,28.9
S191,W05,31
S191,W06,29.4
S191,W07,28.6
S191,W08,28.6
S191,W09,29.4
S191,W10,28.7
S191,W11,30.5
S191,W12,28.7
S191,W13,28.4
S191,W14,29.8
S191,W15,29.2
S191,W16,29.4
S191,W17,30.1
S191,W18,29.6
S191,W19,30.1
S191,W20,28.3
S191,W21,28
S191,W22,29
S191,W23,27.6
S191,W24,29
S191,W25,28.9
S191,W26,28.8
S192,W01,29.1
S192,W02,30.1
S192,W03,30.2
S192,W04,30.1
S192,W05,29.5
S192,W06,30.2
S192,W07,30.4
S192,W08,29.9
S192,W09,29
S192,W10,28.9
S192,W11,30.5
S192,W12,29.8
S192,W13,28.4
S192,W14,29.8
S192,W15,29.3
S192,W16,28.3
S192,W17,28.1
S192,W18,28.7
S192,W19,27.8
S192,W20,28.9
S192,W21,29.7
S192,W22,28.1
S192,W23,29.5
S192,W24,29.2
S192,W25,28.1
S192,W26,29.7
S193,W01,29.9
S193,W02,29.6
S193,W03,30.2
S193,W04,29.2
S193,W05,30.6
S193,W06,30.8
S193,W07,30.2
S193,W08,29.6
S193,W09,29.1
S193,W10,30.4
S193,W11,29.5
S193,W12,29.7
S193,W13,28.4
S193,W14,29.5
S193,W15,28
S193,W16,29.6
S193,W17,29.3
S193,W18,30
S193,W19,30
S193,W20,28.9
S193,W21,28.1
S193,W22,27.9
S193,W23,29.8
S193,W24,28
S193,W25,29
S193,W26,28.6
S194,W01,30.4
S194,W02,29.5
S194,W03,29.7
S194,W04,30.2
S194,W05,30.7
S194,W06,29.9
S194,W07,29
S194,W08,29.2
S194,W09,30
S194,W10,28.6
S194,W11,29.2
S194,W12,28.7
S194,W13,28.3
S194,W14,30.4
S194,W15,29.7
S194,W16,28.5
S194,W17,28.9
S194,W18,28.1
S194,W19,29.8
S194,W20,28.5
S194,W21,28.5
S194,W22,29
S194,W23,29.1
S194,W24,27.5
S194,W25,29.4
S194,W26,29.3
S195,W01,29
S195,W02,30.9
S195,W03,29.6
S195,W04,28.9
S195,W05,30.3
S195,W06,30.3
S195,W07,29.3
S195,W08,30.4
S195,W09,29.5
S195,W10,29.7
S195,W11,29.3
S195,W12,29.4
S195,W13,29.1
S195,W14,29.9
S195,W15,28.5
S195,W16,29.7
S195,W17,27.9
S195,W18,29.9
S195,W19,27.7
S195,W20,27.7
S195,W21,27.9
S195,W22,28.2
S195,W23,29.6
S195,W24,29
S195,W25,27.4
S195,W26,29.3
S196,W01,30.7
S196,W02,30.4
S196,W03,29.7
S196,W04,30.2
S196,W05,28.8
S196,W06,30.5
S196,W07,30.8
S196,W08,30.7
S196,W09,28.6
S196,W10,29.4
S196,W11,29.7
S196,W12,29.8
S196,W13,29.5
S196,W14,29
S196,W15,29.8
S196,W16,29.2
S196,W17,29.4
S196,W18,29
S196,W19,29.3
S196,W20,29.2
S196,W21,27.7
S196,W22,29.1
S196,W23,28.7
S196,W24,28.5
S196,W25,28.2
S196,W26,28.4
S197,W01,31.1
S197,W02,28.9
S197,W03,29.8
S197,W04,29.3
S197,W05,29.1
S197,W06,29.4
S197,W07,29.8
S197,W08,29.2
S197,W09,30.5
S197,W10,28.8
S197,W11,29.7
S197,W12,29.6
S197,W13,29.3
S197,W14,28.9
S197,W15,29.7
S197,W16,29.9
S197,W17,29
S197,W18,28.9
S197,W19,29.5
S197,W20,28.7
S197,W21,30
S197,W22,29.7
S197,W23,27.6
S197,W24,29.6
S197,W25,27.6
S197,W26,28.8
S198,W01,30.7
S198,W02,29.9
S198,W03,30.5
S198,W04,30.5
S198,W05,29
S198,W06,28.8
S198,W07,29.4
S198,W08,30.5
S198,W09,30.5
S198,W10,28.4
S198,W11,30.5
S198,W12,29.9
S198,W13,29
S198,W14,29.7
S198,W15,28.6
S198,W16,29.2
S198,W17,29.2
S198,W18,27.9
S198,W19,27.7
S198,W20,29.1
S198,W21,29.3
S198,W22,27.9
S198,W23,27.6
S198,W24,28.4
S198,W25,28
S198,W26,28.9
S199,W01,29.4
S199,W02,30.2
S199,W03,29.4
S199,W04,30.4
S199,W05,29.7
S199,W06,28.6
S199,W07,29.6
S199,W08,29.4
S199,W09,30.1
S199,W10,29.2
S199,W11,28.4
S199,W12,28.6
S199,W13,29.9
S199,W14,29.2
S199,W15,28.4
S199,W16,30.2
S199,W17,27.9
S199,W18,28.5
S199,W19,28.4
S199,W20,29.6
S199,W21,28.2
S199,W22,29.1
S199,W23,29.1
S199,W24,28.2
S199,W25,29.3
S199,W26,29.1
S200,W01,29.7
S200,W02,30.6
S200,W03,29.1
S200,W04,30.2
S200,W05,28.7
S200,W06,29.5
S200,W07,29.6
S200,W08,30.2
S200,W09,29.3
S200,W10,28.6
S200,W11,29.6
S200,W12,28.6
S200,W13,30.4
S200,W14,30.1
S200,W15,28.4
S200,W16,28
S200,W17,28.5
S200,W18,29.1
S200,W19,27.7
S200,W20,29.3
S200,W21,28.3
S200,W22,27.6
S200,W23,28.2
S200,W24,28.6
S200,W25,27.4
S200,W26,28.3